 ,Label,Area,Mean,Min,Max,IntDen,RawIntDen
1,ELT2rnai:intestine:MAX_ELT2gfp_ELT2rnai_worm_01_C2,1103.449,150.894,121,408,166503.362,14494239
2,ELT2rnai:background:MAX_ELT2gfp_ELT2rnai_worm_01_C2,28.719,112.528,109,118,3231.667,281319
3,ELT2rnai:background:MAX_ELT2gfp_ELT2rnai_worm_01_C2,28.719,112.466,109,118,3229.887,281164
4,ELT2rnai:background:MAX_ELT2gfp_ELT2rnai_worm_01_C2,28.719,111.662,108,118,3206.808,279155
5,ELT2rnai:background:MAX_ELT2gfp_ELT2rnai_worm_01_C2,28.719,112.278,108,119,3224.499,280695
6,ELT2rnai:intestine:MAX_ELT2gfp_ELT2rnai_worm_01_C3,1103.449,299.200,172,1063,330151.849,28739959
7,ELT2rnai:background:MAX_ELT2gfp_ELT2rnai_worm_01_C3,28.719,141.424,134,153,4061.540,353560
8,ELT2rnai:background:MAX_ELT2gfp_ELT2rnai_worm_01_C3,28.719,140.697,133,154,4040.667,351743
9,ELT2rnai:background:MAX_ELT2gfp_ELT2rnai_worm_01_C3,28.719,140.877,133,153,4045.825,352192
10,ELT2rnai:background:MAX_ELT2gfp_ELT2rnai_worm_01_C3,28.719,140.181,133,151,4025.848,350453
11,ELT2rnai:intestine:MAX_ELT2gfp_ELT2rnai_worm_02_C2,963.691,212.253,135,367,204546.685,17805938
12,ELT2rnai:background:MAX_ELT2gfp_ELT2rnai_worm_02_C2,28.719,117.850,111,152,3384.521,294625
13,ELT2rnai:background:MAX_ELT2gfp_ELT2rnai_worm_02_C2,28.719,115.512,111,123,3317.388,288781
14,ELT2rnai:background:MAX_ELT2gfp_ELT2rnai_worm_02_C2,28.719,111.877,108,118,3212.977,279692
15,ELT2rnai:background:MAX_ELT2gfp_ELT2rnai_worm_02_C2,28.719,113.531,109,121,3260.478,283827
16,ELT2rnai:intestine:MAX_ELT2gfp_ELT2rnai_worm_02_C3,963.691,602.301,223,2932,580431.902,50527020
17,ELT2rnai:background:MAX_ELT2gfp_ELT2rnai_worm_02_C3,28.719,142.888,133,165,4103.573,357219
18,ELT2rnai:background:MAX_ELT2gfp_ELT2rnai_worm_02_C3,28.719,140.609,133,153,4038.128,351522
19,ELT2rnai:background:MAX_ELT2gfp_ELT2rnai_worm_02_C3,28.719,134.928,128,146,3874.982,337320
20,ELT2rnai:background:MAX_ELT2gfp_ELT2rnai_worm_02_C3,28.719,140.695,132,156,4040.609,351738
21,ELT2rnai:intestine:MAX_ELT2gfp_ELT2rnai_worm_03_C2,1153.259,235.045,122,606,271068.070,23596673
22,ELT2rnai:background:MAX_ELT2gfp_ELT2rnai_worm_03_C2,28.719,114.600,110,121,3291.196,286501
23,ELT2rnai:background:MAX_ELT2gfp_ELT2rnai_worm_03_C2,28.719,114.600,110,121,3291.196,286501
24,ELT2rnai:background:MAX_ELT2gfp_ELT2rnai_worm_03_C2,28.719,114.600,110,121,3291.196,286501
25,ELT2rnai:background:MAX_ELT2gfp_ELT2rnai_worm_03_C2,28.719,114.600,110,121,3291.196,286501
26,ELT2rnai:intestine:MAX_ELT2gfp_ELT2rnai_worm_03_C3,1153.259,464.492,161,2213,535678.893,46631238
27,ELT2rnai:background:MAX_ELT2gfp_ELT2rnai_worm_03_C3,28.719,143.194,135,158,4112.384,357986
28,ELT2rnai:background:MAX_ELT2gfp_ELT2rnai_worm_03_C3,28.719,143.194,135,158,4112.384,357986
29,ELT2rnai:background:MAX_ELT2gfp_ELT2rnai_worm_03_C3,28.719,143.194,135,158,4112.384,357986
30,ELT2rnai:background:MAX_ELT2gfp_ELT2rnai_worm_03_C3,28.719,143.194,135,158,4112.384,357986
31,ELT2rnai:intestine:MAX_ELT2gfp_ELT2rnai_worm_04_C2,1024.265,216.753,138,633,222012.524,19326352
32,ELT2rnai:background:MAX_ELT2gfp_ELT2rnai_worm_04_C2,28.719,114.746,111,121,3295.377,286865
33,ELT2rnai:background:MAX_ELT2gfp_ELT2rnai_worm_04_C2,28.719,113.173,109,121,3250.208,282933
34,ELT2rnai:background:MAX_ELT2gfp_ELT2rnai_worm_04_C2,28.719,115.414,111,124,3314.562,288535
35,ELT2rnai:background:MAX_ELT2gfp_ELT2rnai_worm_04_C2,28.719,114.060,109,121,3275.665,285149
36,ELT2rnai:intestine:MAX_ELT2gfp_ELT2rnai_worm_04_C3,1024.265,628.350,203,2738,643596.887,56025578
37,ELT2rnai:background:MAX_ELT2gfp_ELT2rnai_worm_04_C3,28.719,143.232,136,155,4113.475,358081.000
38,ELT2rnai:background:MAX_ELT2gfp_ELT2rnai_worm_04_C3,28.719,142.882,134,155,4103.423,357206
39,ELT2rnai:background:MAX_ELT2gfp_ELT2rnai_worm_04_C3,28.719,153.632,143,169,4412.140,384080
40,ELT2rnai:background:MAX_ELT2gfp_ELT2rnai_worm_04_C3,28.719,141.930,133,157,4076.072,354825
41,ELT2rnai:intestine:MAX_ELT2gfp_ELT2rnai_worm_05_C2,1228.904,217.617,137,582,267430.019,23279978
42,ELT2rnai:background:MAX_ELT2gfp_ELT2rnai_worm_05_C2,28.719,118.501,113,127,3403.223,296253
43,ELT2rnai:background:MAX_ELT2gfp_ELT2rnai_worm_05_C2,28.719,114.981,111,124,3302.132,287453
44,ELT2rnai:background:MAX_ELT2gfp_ELT2rnai_worm_05_C2,28.719,115.730,111,124,3323.625,289324
45,ELT2rnai:background:MAX_ELT2gfp_ELT2rnai_worm_05_C2,28.719,114.305,110,121,3282.707,285762
46,ELT2rnai:intestine:MAX_ELT2gfp_ELT2rnai_worm_05_C3,1228.904,389.131,176,1553,478204.854,41628081
47,ELT2rnai:background:MAX_ELT2gfp_ELT2rnai_worm_05_C3,28.719,150.250,140,164,4315.001,375624.000
48,ELT2rnai:background:MAX_ELT2gfp_ELT2rnai_worm_05_C3,28.719,144.368,136,156,4146.088,360920
49,ELT2rnai:background:MAX_ELT2gfp_ELT2rnai_worm_05_C3,28.719,144.700,135,160,4155.623,361750
50,ELT2rnai:background:MAX_ELT2gfp_ELT2rnai_worm_05_C3,28.719,140.525,133,154,4035.716,351312
51,ELT2rnai:intestine:MAX_ELT2gfp_ELT2rnai_worm_06_C2,1218.037,240.652,137,454,293122.463,25516524
52,ELT2rnai:background:MAX_ELT2gfp_ELT2rnai_worm_06_C2,28.719,114.766,111,122,3295.952,286915
53,ELT2rnai:background:MAX_ELT2gfp_ELT2rnai_worm_06_C2,28.719,114.405,110,125,3285.578,286012
54,ELT2rnai:background:MAX_ELT2gfp_ELT2rnai_worm_06_C2,28.719,116.327,111,124,3340.788,290818
55,ELT2rnai:background:MAX_ELT2gfp_ELT2rnai_worm_06_C2,28.719,114.528,111,121,3289.105,286319
56,ELT2rnai:intestine:MAX_ELT2gfp_ELT2rnai_worm_06_C3,1218.037,474.252,171,2132,577656.405,50285411
57,ELT2rnai:background:MAX_ELT2gfp_ELT2rnai_worm_06_C3,28.719,144.726,136,158,4156.370,361815
58,ELT2rnai:background:MAX_ELT2gfp_ELT2rnai_worm_06_C3,28.719,143.686,135,157,4126.490,359214
59,ELT2rnai:background:MAX_ELT2gfp_ELT2rnai_worm_06_C3,28.719,148.406,139,162,4262.044,371014
60,ELT2rnai:background:MAX_ELT2gfp_ELT2rnai_worm_06_C3,28.719,142.287,134,154,4086.318,355717
61,ELT2rnai:intestine:MAX_ELT2gfp_ELT2rnai_worm_07_C2,1168.997,174.508,127,491,203999.005,17758262
62,ELT2rnai:background:MAX_ELT2gfp_ELT2rnai_worm_07_C2,28.719,114.356,110,121,3284.166,285889
63,ELT2rnai:background:MAX_ELT2gfp_ELT2rnai_worm_07_C2,28.719,114.336,111,123,3283.591,285839
64,ELT2rnai:background:MAX_ELT2gfp_ELT2rnai_worm_07_C2,28.719,113.666,109,121,3264.349,284164
65,ELT2rnai:background:MAX_ELT2gfp_ELT2rnai_worm_07_C2,28.719,112.930,109,122,3243.235,282326
66,ELT2rnai:intestine:MAX_ELT2gfp_ELT2rnai_worm_07_C3,1168.997,235.548,165,635,275355.133,23969865
67,ELT2rnai:background:MAX_ELT2gfp_ELT2rnai_worm_07_C3,28.719,141.000,134,157,4049.352,352499.000
68,ELT2rnai:background:MAX_ELT2gfp_ELT2rnai_worm_07_C3,28.719,141.210,133,192,4055.394,353025
69,ELT2rnai:background:MAX_ELT2gfp_ELT2rnai_worm_07_C3,28.719,139.038,132,152,3993.005,347594
70,ELT2rnai:background:MAX_ELT2gfp_ELT2rnai_worm_07_C3,28.719,136.748,130,146,3927.262,341871
71,ELT2rnai:intestine:MAX_ELT2gfp_ELT2rnai_worm_08_C2,1255.957,200.817,126,504,252217.257,21955696
72,ELT2rnai:background:MAX_ELT2gfp_ELT2rnai_worm_08_C2,28.719,114.812,111,122,3297.273,287030
73,ELT2rnai:background:MAX_ELT2gfp_ELT2rnai_worm_08_C2,30.522,115.717,112,123,3531.952,307459
74,ELT2rnai:background:MAX_ELT2gfp_ELT2rnai_worm_08_C2,28.719,119.022,113,130,3418.191,297556
75,ELT2rnai:background:MAX_ELT2gfp_ELT2rnai_worm_08_C2,28.719,112.982,109,121,3244.729,282456
76,ELT2rnai:intestine:MAX_ELT2gfp_ELT2rnai_worm_08_C3,1255.957,380.425,159,1459,477797.241,41592598
77,ELT2rnai:background:MAX_ELT2gfp_ELT2rnai_worm_08_C3,28.719,139.405,131,149,4003.551,348512
78,ELT2rnai:background:MAX_ELT2gfp_ELT2rnai_worm_08_C3,30.522,140.426,132,152,4286.144,373112
79,ELT2rnai:background:MAX_ELT2gfp_ELT2rnai_worm_08_C3,28.719,152.321,141,168,4374.495,380803
80,ELT2rnai:background:MAX_ELT2gfp_ELT2rnai_worm_08_C3,28.719,137.183,130,148,3939.749,342958
81,ELT2rnai:intestine:MAX_ELT2gfp_ELT2rnai_worm_09_C2,1373.291,167.044,125,300,229400.423,19969474
82,ELT2rnai:background:MAX_ELT2gfp_ELT2rnai_worm_09_C2,28.719,117.925,113,125,3386.669,294812
83,ELT2rnai:background:MAX_ELT2gfp_ELT2rnai_worm_09_C2,28.719,119.222,114,128,3423.935,298056
84,ELT2rnai:background:MAX_ELT2gfp_ELT2rnai_worm_09_C2,28.719,114.388,111,121,3285.096,285970
85,ELT2rnai:background:MAX_ELT2gfp_ELT2rnai_worm_09_C2,28.719,117.308,113,126,3368.967,293271
86,ELT2rnai:intestine:MAX_ELT2gfp_ELT2rnai_worm_09_C3,1373.291,321.777,177,1392,441893.762,38467174
87,ELT2rnai:background:MAX_ELT2gfp_ELT2rnai_worm_09_C3,28.719,148.806,139,162,4273.531,372014
88,ELT2rnai:background:MAX_ELT2gfp_ELT2rnai_worm_09_C3,28.719,154.275,144,167,4430.600,385687
89,ELT2rnai:background:MAX_ELT2gfp_ELT2rnai_worm_09_C3,28.719,142.024,134,156,4078.783,355061.000
90,ELT2rnai:background:MAX_ELT2gfp_ELT2rnai_worm_09_C3,28.719,153.340,142,170,4403.766,383351.000
91,ELT2rnai:intestine:MAX_ELT2gfp_ELT2rnai_worm_10_C2,1157.440,179.619,120,498,207898.547,18097720
92,ELT2rnai:background:MAX_ELT2gfp_ELT2rnai_worm_10_C2,28.719,112.470,109,119,3230.002,281174
93,ELT2rnai:background:MAX_ELT2gfp_ELT2rnai_worm_10_C2,28.719,113.933,110,121,3272.035,284833
94,ELT2rnai:background:MAX_ELT2gfp_ELT2rnai_worm_10_C2,28.719,115.756,111,125,3324.395,289391
95,ELT2rnai:background:MAX_ELT2gfp_ELT2rnai_worm_10_C2,28.719,112.494,109,121,3230.691,281234
96,ELT2rnai:intestine:MAX_ELT2gfp_ELT2rnai_worm_10_C3,1157.440,280.823,148,1210,325035.636,28294589
97,ELT2rnai:background:MAX_ELT2gfp_ELT2rnai_worm_10_C3,28.719,133.464,127,145,3832.949,333661.000
98,ELT2rnai:background:MAX_ELT2gfp_ELT2rnai_worm_10_C3,28.719,135.603,129,147,3894.373,339008.000
99,ELT2rnai:background:MAX_ELT2gfp_ELT2rnai_worm_10_C3,28.719,139.872,133,151,4016.980,349681
100,ELT2rnai:background:MAX_ELT2gfp_ELT2rnai_worm_10_C3,28.719,131.424,126,143,3774.339,328559
101,ELT2rnai:intestine:MAX_ELT2gfp_ELT2rnai_worm_11_C2,1317.519,193.401,128,488,254809.458,22181349
102,ELT2rnai:background:MAX_ELT2gfp_ELT2rnai_worm_11_C2,28.719,114.774,110,123,3296.193,286936
103,ELT2rnai:background:MAX_ELT2gfp_ELT2rnai_worm_11_C2,28.719,116.278,112,125,3339.363,290694
104,ELT2rnai:background:MAX_ELT2gfp_ELT2rnai_worm_11_C2,28.719,116.404,112,124,3342.993,291010
105,ELT2rnai:background:MAX_ELT2gfp_ELT2rnai_worm_11_C2,28.719,115.956,112,123,3330.139,289891
106,ELT2rnai:intestine:MAX_ELT2gfp_ELT2rnai_worm_11_C3,1317.519,300.842,164,895,396364.746,34503840
107,ELT2rnai:background:MAX_ELT2gfp_ELT2rnai_worm_11_C3,28.719,142.620,134,156,4095.876,356549
108,ELT2rnai:background:MAX_ELT2gfp_ELT2rnai_worm_11_C3,28.719,145.020,135,157,4164.801,362549
109,ELT2rnai:background:MAX_ELT2gfp_ELT2rnai_worm_11_C3,28.719,145.693,136,159,4184.135,364232
110,ELT2rnai:background:MAX_ELT2gfp_ELT2rnai_worm_11_C3,28.719,143.968,136,158,4134.601,359920
111,ELT2rnai:intestine:MAX_ELT2gfp_ELT2rnai_worm_12_C2,1030.238,208.441,142,486,214743.498,18693578
112,ELT2rnai:background:MAX_ELT2gfp_ELT2rnai_worm_12_C2,28.719,115.760,111,125,3324.498,289400
113,ELT2rnai:background:MAX_ELT2gfp_ELT2rnai_worm_12_C2,28.719,113.360,109,120,3255.573,283400
114,ELT2rnai:background:MAX_ELT2gfp_ELT2rnai_worm_12_C2,28.719,116.248,111,125,3338.525,290621
115,ELT2rnai:background:MAX_ELT2gfp_ELT2rnai_worm_12_C2,28.719,121.336,114,133,3484.635,303340
116,ELT2rnai:intestine:MAX_ELT2gfp_ELT2rnai_worm_12_C3,1030.238,359.119,172,683,369978.396,32206889
117,ELT2rnai:background:MAX_ELT2gfp_ELT2rnai_worm_12_C3,28.719,144.796,135,157,4158.368,361989
118,ELT2rnai:background:MAX_ELT2gfp_ELT2rnai_worm_12_C3,28.719,139.350,133,152,4001.988,348376
119,ELT2rnai:background:MAX_ELT2gfp_ELT2rnai_worm_12_C3,28.719,148.838,139,161,4274.473,372096
120,ELT2rnai:background:MAX_ELT2gfp_ELT2rnai_worm_12_C3,28.719,162.281,147,188,4660.535,405703.000
121,ELT2rnai:intestine:MAX_ELT2gfp_ELT2rnai_worm_13_C2,833.744,195.395,132,628,162909.159,14181361
122,ELT2rnai:background:MAX_ELT2gfp_ELT2rnai_worm_13_C2,28.719,113.835,110,124,3269.220,284588
123,ELT2rnai:background:MAX_ELT2gfp_ELT2rnai_worm_13_C2,28.719,113.814,110,120,3268.623,284536
124,ELT2rnai:background:MAX_ELT2gfp_ELT2rnai_worm_13_C2,28.719,116.558,112,125,3347.404,291394
125,ELT2rnai:background:MAX_ELT2gfp_ELT2rnai_worm_13_C2,28.719,116.630,111,125,3349.484,291575
126,ELT2rnai:intestine:MAX_ELT2gfp_ELT2rnai_worm_13_C3,833.744,357.905,180,883,298400.661,25975995
127,ELT2rnai:background:MAX_ELT2gfp_ELT2rnai_worm_13_C3,28.719,141.720,133,155,4070.029,354299.000
128,ELT2rnai:background:MAX_ELT2gfp_ELT2rnai_worm_13_C3,28.719,143.592,135,158,4123.814,358981
129,ELT2rnai:background:MAX_ELT2gfp_ELT2rnai_worm_13_C3,28.719,145.229,135,161,4170.809,363072
130,ELT2rnai:background:MAX_ELT2gfp_ELT2rnai_worm_13_C3,28.719,150.718,140,167,4328.465,376796
131,ELT2rnai:intestine:MAX_ELT2gfp_ELT2rnai_worm_14_C2,1285.699,182.136,125,325,234172.595,20384895
132,ELT2rnai:background:MAX_ELT2gfp_ELT2rnai_worm_14_C2,28.719,115.416,112,123,3314.619,288540
133,ELT2rnai:background:MAX_ELT2gfp_ELT2rnai_worm_14_C2,28.719,115.416,112,123,3314.619,288540
134,ELT2rnai:background:MAX_ELT2gfp_ELT2rnai_worm_14_C2,28.719,115.416,112,123,3314.619,288540
135,ELT2rnai:background:MAX_ELT2gfp_ELT2rnai_worm_14_C2,28.719,115.416,112,123,3314.619,288540
136,ELT2rnai:intestine:MAX_ELT2gfp_ELT2rnai_worm_14_C3,1285.699,339.722,168,1235,436780.433,38022055
137,ELT2rnai:background:MAX_ELT2gfp_ELT2rnai_worm_14_C3,28.719,143.970,136,157,4134.670,359926.000
138,ELT2rnai:background:MAX_ELT2gfp_ELT2rnai_worm_14_C3,28.719,143.970,136,157,4134.670,359926.000
139,ELT2rnai:background:MAX_ELT2gfp_ELT2rnai_worm_14_C3,28.719,143.970,136,157,4134.670,359926.000
140,ELT2rnai:background:MAX_ELT2gfp_ELT2rnai_worm_14_C3,28.719,143.970,136,157,4134.670,359926.000
141,ELT2rnai:intestine:MAX_ELT2gfp_ELT2rnai_worm_15_C2,993.800,245.274,152,1011,243752.836,21218862
142,ELT2rnai:background:MAX_ELT2gfp_ELT2rnai_worm_15_C2,28.719,127.042,113,182,3648.493,317604
143,ELT2rnai:background:MAX_ELT2gfp_ELT2rnai_worm_15_C2,28.719,116.561,111,127,3347.508,291403
144,ELT2rnai:background:MAX_ELT2gfp_ELT2rnai_worm_15_C2,28.719,116.214,111,125,3337.548,290536
145,ELT2rnai:background:MAX_ELT2gfp_ELT2rnai_worm_15_C2,28.719,126.634,117,141,3636.776,316584
146,ELT2rnai:intestine:MAX_ELT2gfp_ELT2rnai_worm_15_C3,993.800,335.726,185,1747,333644.858,29044028
147,ELT2rnai:background:MAX_ELT2gfp_ELT2rnai_worm_15_C3,28.719,145.062,134,167,4166.019,362655.000
148,ELT2rnai:background:MAX_ELT2gfp_ELT2rnai_worm_15_C3,28.719,144.017,135,155,4136.014,360043
149,ELT2rnai:background:MAX_ELT2gfp_ELT2rnai_worm_15_C3,28.719,142.093,134,158,4080.747,355232
150,ELT2rnai:background:MAX_ELT2gfp_ELT2rnai_worm_15_C3,28.719,155.874,143,175,4476.528,389685
151,ELT2rnai:intestine:MAX_ELT2gfp_ELT2rnai_worm_16_C2,1189.433,176.549,122,422,209993.153,18280057
152,ELT2rnai:background:MAX_ELT2gfp_ELT2rnai_worm_16_C2,28.719,111.984,108,118,3216.056,279960
153,ELT2rnai:background:MAX_ELT2gfp_ELT2rnai_worm_16_C2,28.719,113.022,109,120,3245.855,282554
154,ELT2rnai:background:MAX_ELT2gfp_ELT2rnai_worm_16_C2,28.719,112.924,109,120,3243.063,282311
155,ELT2rnai:background:MAX_ELT2gfp_ELT2rnai_worm_16_C2,28.719,113.612,109,122,3262.810,284030
156,ELT2rnai:intestine:MAX_ELT2gfp_ELT2rnai_worm_16_C3,1189.433,275.553,153,780,327752.282,28531075
157,ELT2rnai:background:MAX_ELT2gfp_ELT2rnai_worm_16_C3,28.719,130.318,125,138,3742.599,325796
158,ELT2rnai:background:MAX_ELT2gfp_ELT2rnai_worm_16_C3,28.719,131.849,127,141,3786.562,329623
159,ELT2rnai:background:MAX_ELT2gfp_ELT2rnai_worm_16_C3,28.719,132.951,127,143,3818.210,332378
160,ELT2rnai:background:MAX_ELT2gfp_ELT2rnai_worm_16_C3,28.719,133.415,127,142,3831.536,333538
161,ELT2rnai:intestine:MAX_ELT2gfp_ELT2rnai_worm_17_C2,943.346,185.117,131,681,174629.302,15201608.000
162,ELT2rnai:background:MAX_ELT2gfp_ELT2rnai_worm_17_C2,28.719,114.786,111,122,3296.538,286966
163,ELT2rnai:background:MAX_ELT2gfp_ELT2rnai_worm_17_C2,28.719,113.774,110,121,3267.451,284434
164,ELT2rnai:background:MAX_ELT2gfp_ELT2rnai_worm_17_C2,28.719,114.292,110,122,3282.339,285730
165,ELT2rnai:background:MAX_ELT2gfp_ELT2rnai_worm_17_C2,28.719,115.011,111,132,3302.982,287527
166,ELT2rnai:intestine:MAX_ELT2gfp_ELT2rnai_worm_17_C3,943.346,266.551,156,743,251449.670,21888877
167,ELT2rnai:background:MAX_ELT2gfp_ELT2rnai_worm_17_C3,28.719,141.633,134,156,4067.548,354083.000
168,ELT2rnai:background:MAX_ELT2gfp_ELT2rnai_worm_17_C3,28.719,140.198,132,153,4026.330,350495
169,ELT2rnai:background:MAX_ELT2gfp_ELT2rnai_worm_17_C3,28.719,140.117,133,154,4023.998,350292.000
170,ELT2rnai:background:MAX_ELT2gfp_ELT2rnai_worm_17_C3,28.719,141.412,133,157,4061.184,353529
171,ELT2rnai:intestine:MAX_ELT2gfp_ELT2rnai_worm_18_C2,1141.013,192.976,137,520,220188.140,19167538
172,ELT2rnai:background:MAX_ELT2gfp_ELT2rnai_worm_18_C2,28.719,115.062,111,123,3304.441,287654
173,ELT2rnai:background:MAX_ELT2gfp_ELT2rnai_worm_18_C2,28.719,113.877,110,122,3270.415,284692
174,ELT2rnai:background:MAX_ELT2gfp_ELT2rnai_worm_18_C2,28.719,114.213,110,122,3280.076,285533
175,ELT2rnai:background:MAX_ELT2gfp_ELT2rnai_worm_18_C2,28.719,113.722,109,120,3265.969,284305
176,ELT2rnai:intestine:MAX_ELT2gfp_ELT2rnai_worm_18_C3,1141.013,337.639,174,985,385250.457,33536333
177,ELT2rnai:background:MAX_ELT2gfp_ELT2rnai_worm_18_C3,28.719,143.072,133,158,4108.857,357679
178,ELT2rnai:background:MAX_ELT2gfp_ELT2rnai_worm_18_C3,28.719,141.024,132,157,4050.052,352560
179,ELT2rnai:background:MAX_ELT2gfp_ELT2rnai_worm_18_C3,28.719,142.037,133,158,4079.139,355092
180,ELT2rnai:background:MAX_ELT2gfp_ELT2rnai_worm_18_C3,28.719,139.197,132,152,3997.589,347993
181,ELT2rnai:intestine:MAX_ELT2gfp_ELT2rnai_worm_19_C2,1179.014,179.496,134,420,211628.372,18422404
182,ELT2rnai:background:MAX_ELT2gfp_ELT2rnai_worm_19_C2,28.719,114.475,110,122,3287.589,286187
183,ELT2rnai:background:MAX_ELT2gfp_ELT2rnai_worm_19_C2,28.719,117.285,112,126,3368.300,293213
184,ELT2rnai:background:MAX_ELT2gfp_ELT2rnai_worm_19_C2,28.719,117.285,112,126,3368.300,293213
185,ELT2rnai:background:MAX_ELT2gfp_ELT2rnai_worm_19_C2,28.719,117.285,112,126,3368.300,293213
186,ELT2rnai:intestine:MAX_ELT2gfp_ELT2rnai_worm_19_C3,1179.014,313.568,168,1085,369701.133,32182753
187,ELT2rnai:background:MAX_ELT2gfp_ELT2rnai_worm_19_C3,28.719,143.043,135,158,4108.041,357608.000
188,ELT2rnai:background:MAX_ELT2gfp_ELT2rnai_worm_19_C3,28.719,149.827,140,162,4302.870,374568
189,ELT2rnai:background:MAX_ELT2gfp_ELT2rnai_worm_19_C3,28.719,149.827,140,162,4302.870,374568
190,ELT2rnai:background:MAX_ELT2gfp_ELT2rnai_worm_19_C3,28.719,149.827,140,162,4302.870,374568
191,ELT2rnai:intestine:MAX_ELT2gfp_ELT2rnai_worm_20_C2,976.614,262.863,132,477,256715.795,22347297
192,ELT2rnai:background:MAX_ELT2gfp_ELT2rnai_worm_20_C2,28.719,135.806,120,160,3900.186,339514
193,ELT2rnai:background:MAX_ELT2gfp_ELT2rnai_worm_20_C2,28.719,135.806,120,160,3900.186,339514
194,ELT2rnai:background:MAX_ELT2gfp_ELT2rnai_worm_20_C2,28.719,135.806,120,160,3900.186,339514
195,ELT2rnai:background:MAX_ELT2gfp_ELT2rnai_worm_20_C2,28.719,135.806,120,160,3900.186,339514
196,ELT2rnai:intestine:MAX_ELT2gfp_ELT2rnai_worm_20_C3,976.614,333.545,163,1481,325745.177,28356355.000
197,ELT2rnai:background:MAX_ELT2gfp_ELT2rnai_worm_20_C3,28.719,158.046,143,180,4538.917,395116
198,ELT2rnai:background:MAX_ELT2gfp_ELT2rnai_worm_20_C3,28.719,158.046,143,180,4538.917,395116
199,ELT2rnai:background:MAX_ELT2gfp_ELT2rnai_worm_20_C3,28.719,158.046,143,180,4538.917,395116
200,ELT2rnai:background:MAX_ELT2gfp_ELT2rnai_worm_20_C3,28.719,158.046,143,180,4538.917,395116
201,ELT2rnai:intestine:MAX_ELT2gfp_ELT2rnai_worm_21_C2,1254.556,188.417,126,641,236379.607,20577017
202,ELT2rnai:background:MAX_ELT2gfp_ELT2rnai_worm_21_C2,28.719,116.057,112,124,3333.034,290143
203,ELT2rnai:background:MAX_ELT2gfp_ELT2rnai_worm_21_C2,28.719,116.057,112,124,3333.034,290143
204,ELT2rnai:background:MAX_ELT2gfp_ELT2rnai_worm_21_C2,28.719,116.057,112,124,3333.034,290143
205,ELT2rnai:background:MAX_ELT2gfp_ELT2rnai_worm_21_C2,28.719,116.057,112,124,3333.034,290143
206,ELT2rnai:intestine:MAX_ELT2gfp_ELT2rnai_worm_21_C3,1254.556,254.020,155,775,318682.823,27741572
207,ELT2rnai:background:MAX_ELT2gfp_ELT2rnai_worm_21_C3,28.719,142.992,135,154,4106.571,357480
208,ELT2rnai:background:MAX_ELT2gfp_ELT2rnai_worm_21_C3,28.719,142.992,135,154,4106.571,357480
209,ELT2rnai:background:MAX_ELT2gfp_ELT2rnai_worm_21_C3,28.719,142.992,135,154,4106.571,357480
210,ELT2rnai:background:MAX_ELT2gfp_ELT2rnai_worm_21_C3,28.719,142.992,135,154,4106.571,357480
211,ELT2rnai:intestine:MAX_ELT2gfp_ELT2rnai_worm_22_C2,1210.375,179.727,124,411,217536.559,18936716
212,ELT2rnai:background:MAX_ELT2gfp_ELT2rnai_worm_22_C2,28.719,117.500,113,124,3374.481,293751
213,ELT2rnai:background:MAX_ELT2gfp_ELT2rnai_worm_22_C2,28.719,117.500,113,124,3374.481,293751
214,ELT2rnai:background:MAX_ELT2gfp_ELT2rnai_worm_22_C2,28.719,117.500,113,124,3374.481,293751
215,ELT2rnai:background:MAX_ELT2gfp_ELT2rnai_worm_22_C2,28.719,117.500,113,124,3374.481,293751
216,ELT2rnai:intestine:MAX_ELT2gfp_ELT2rnai_worm_22_C3,1210.375,344.274,169,1502,416701.107,36274135
217,ELT2rnai:background:MAX_ELT2gfp_ELT2rnai_worm_22_C3,28.719,150.126,141,166,4311.463,375316
218,ELT2rnai:background:MAX_ELT2gfp_ELT2rnai_worm_22_C3,28.719,150.126,141,166,4311.463,375316
219,ELT2rnai:background:MAX_ELT2gfp_ELT2rnai_worm_22_C3,28.719,150.126,141,166,4311.463,375316
220,ELT2rnai:background:MAX_ELT2gfp_ELT2rnai_worm_22_C3,28.719,150.126,141,166,4311.463,375316
221,ELT2rnai:intestine:MAX_ELT2gfp_ELT2rnai_worm_23_C2,803.083,199.776,139,560,160437.118,13966168
222,ELT2rnai:background:MAX_ELT2gfp_ELT2rnai_worm_23_C2,28.719,119.190,114,128,3423.016,297976
223,ELT2rnai:background:MAX_ELT2gfp_ELT2rnai_worm_23_C2,28.719,119.190,114,128,3423.016,297976
224,ELT2rnai:background:MAX_ELT2gfp_ELT2rnai_worm_23_C2,28.719,119.190,114,128,3423.016,297976
225,ELT2rnai:background:MAX_ELT2gfp_ELT2rnai_worm_23_C2,28.719,119.190,114,128,3423.016,297976
226,ELT2rnai:intestine:MAX_ELT2gfp_ELT2rnai_worm_23_C3,803.083,352.009,205,1264,282692.740,24608609
227,ELT2rnai:background:MAX_ELT2gfp_ELT2rnai_worm_23_C3,28.719,152.833,142,167,4389.199,382083
228,ELT2rnai:background:MAX_ELT2gfp_ELT2rnai_worm_23_C3,28.719,152.833,142,167,4389.199,382083
229,ELT2rnai:background:MAX_ELT2gfp_ELT2rnai_worm_23_C3,28.719,152.833,142,167,4389.199,382083
230,ELT2rnai:background:MAX_ELT2gfp_ELT2rnai_worm_23_C3,28.719,152.833,142,167,4389.199,382083
231,ELT2rnai:intestine:MAX_ELT2gfp_ELT2rnai_worm_24_C2,1402.699,239.634,146,678,336135.050,29260801
232,ELT2rnai:background:MAX_ELT2gfp_ELT2rnai_worm_24_C2,28.719,117.163,113,124,3364.785,292907
233,ELT2rnai:background:MAX_ELT2gfp_ELT2rnai_worm_24_C2,28.719,117.479,112,126,3373.872,293698
234,ELT2rnai:background:MAX_ELT2gfp_ELT2rnai_worm_24_C2,28.719,115.350,111,124,3312.712,288374
235,ELT2rnai:background:MAX_ELT2gfp_ELT2rnai_worm_24_C2,28.719,116.843,112,125,3355.595,292107
236,ELT2rnai:intestine:MAX_ELT2gfp_ELT2rnai_worm_24_C3,1402.699,339.385,173,1300,476055.257,41440957
237,ELT2rnai:background:MAX_ELT2gfp_ELT2rnai_worm_24_C3,28.719,148.881,140,163,4275.691,372202
238,ELT2rnai:background:MAX_ELT2gfp_ELT2rnai_worm_24_C3,28.719,148.415,137,163,4262.319,371038
239,ELT2rnai:background:MAX_ELT2gfp_ELT2rnai_worm_24_C3,28.719,144.715,136,158,4156.059,361788
240,ELT2rnai:background:MAX_ELT2gfp_ELT2rnai_worm_24_C3,28.719,148.568,139,161,4266.696,371419
241,ELT2rnai:intestine:MAX_ELT2gfp_ELT2rnai_worm_25_C2,1060.566,197.856,131,336,209839.071,18266644
242,ELT2rnai:background:MAX_ELT2gfp_ELT2rnai_worm_25_C2,28.719,118.082,113,127,3391.184,295205
243,ELT2rnai:background:MAX_ELT2gfp_ELT2rnai_worm_25_C2,28.719,118.082,113,127,3391.184,295205
244,ELT2rnai:background:MAX_ELT2gfp_ELT2rnai_worm_25_C2,28.719,118.082,113,127,3391.184,295205
245,ELT2rnai:background:MAX_ELT2gfp_ELT2rnai_worm_25_C2,28.719,118.082,113,127,3391.184,295205
246,ELT2rnai:intestine:MAX_ELT2gfp_ELT2rnai_worm_25_C3,1060.566,390.488,170,1911,414138.509,36051059
247,ELT2rnai:background:MAX_ELT2gfp_ELT2rnai_worm_25_C3,28.719,148.647,139,165,4268.971,371617.000
248,ELT2rnai:background:MAX_ELT2gfp_ELT2rnai_worm_25_C3,28.719,148.647,139,165,4268.971,371617.000
249,ELT2rnai:background:MAX_ELT2gfp_ELT2rnai_worm_25_C3,28.719,148.647,139,165,4268.971,371617.000
250,ELT2rnai:background:MAX_ELT2gfp_ELT2rnai_worm_25_C3,28.719,148.647,139,165,4268.971,371617.000
251,ELT2rnai:intestine:MAX_ELT2gfp_ELT2rnai_worm_26_C2,1120.645,239.472,142,660,268363.428,23361232
252,ELT2rnai:background:MAX_ELT2gfp_ELT2rnai_worm_26_C2,28.719,116.252,111,124,3338.639,290631
253,ELT2rnai:background:MAX_ELT2gfp_ELT2rnai_worm_26_C2,28.719,116.826,112,125,3355.101,292064
254,ELT2rnai:background:MAX_ELT2gfp_ELT2rnai_worm_26_C2,28.719,116.128,111,124,3335.078,290321
255,ELT2rnai:background:MAX_ELT2gfp_ELT2rnai_worm_26_C2,28.719,115.108,111,122,3305.774,287770
256,ELT2rnai:intestine:MAX_ELT2gfp_ELT2rnai_worm_26_C3,1120.645,359.789,176,1663,403195.419,35098455
257,ELT2rnai:background:MAX_ELT2gfp_ELT2rnai_worm_26_C3,28.719,145.717,138,158,4184.836,364293
258,ELT2rnai:background:MAX_ELT2gfp_ELT2rnai_worm_26_C3,28.719,147.358,139,161,4231.969,368396
259,ELT2rnai:background:MAX_ELT2gfp_ELT2rnai_worm_26_C3,28.719,144.341,136,156,4145.307,360852
260,ELT2rnai:background:MAX_ELT2gfp_ELT2rnai_worm_26_C3,28.719,142.903,135,155,4104.009,357257.000
261,ELT2rnai:intestine:MAX_ELT2gfp_ELT2rnai_worm_27_C2,1757.056,166.280,119,304,292163.850,25433076.000
262,ELT2rnai:background:MAX_ELT2gfp_ELT2rnai_worm_27_C2,28.719,114.679,110,122,3293.459,286698
263,ELT2rnai:background:MAX_ELT2gfp_ELT2rnai_worm_27_C2,28.719,113.662,109,121,3264.235,284154
264,ELT2rnai:background:MAX_ELT2gfp_ELT2rnai_worm_27_C2,28.719,113.119,109,119,3248.657,282798
265,ELT2rnai:background:MAX_ELT2gfp_ELT2rnai_worm_27_C2,28.719,114.505,110,121,3288.462,286263
266,ELT2rnai:intestine:MAX_ELT2gfp_ELT2rnai_worm_27_C3,1757.056,211.065,138,455,370853.082,32283031
267,ELT2rnai:background:MAX_ELT2gfp_ELT2rnai_worm_27_C3,28.719,138.013,132,150,3963.585,345033.000
268,ELT2rnai:background:MAX_ELT2gfp_ELT2rnai_worm_27_C3,28.719,136.918,131,147,3932.121,342294
269,ELT2rnai:background:MAX_ELT2gfp_ELT2rnai_worm_27_C3,28.719,135.288,129,147,3885.321,338220
270,ELT2rnai:background:MAX_ELT2gfp_ELT2rnai_worm_27_C3,28.719,134.262,128,145,3855.855,335655
271,ELT2rnai:intestine:MAX_ELT2gfp_ELT2rnai_worm_28_C2,1073.638,194.375,130,372,208688.420,18166479
272,ELT2rnai:background:MAX_ELT2gfp_ELT2rnai_worm_28_C2,28.719,114.360,110,125,3284.303,285901
273,ELT2rnai:background:MAX_ELT2gfp_ELT2rnai_worm_28_C2,28.719,116.114,111,132,3334.665,290285
274,ELT2rnai:background:MAX_ELT2gfp_ELT2rnai_worm_28_C2,28.719,116.403,111,124,3342.970,291008
275,ELT2rnai:background:MAX_ELT2gfp_ELT2rnai_worm_28_C2,28.719,116.623,112,124,3349.288,291558
276,ELT2rnai:intestine:MAX_ELT2gfp_ELT2rnai_worm_28_C3,1073.638,318.047,165,1142,341467.331,29724980
277,ELT2rnai:background:MAX_ELT2gfp_ELT2rnai_worm_28_C3,28.719,142.527,134,154,4093.211,356317
278,ELT2rnai:background:MAX_ELT2gfp_ELT2rnai_worm_28_C3,28.719,141.569,133,154,4065.710,353923
279,ELT2rnai:background:MAX_ELT2gfp_ELT2rnai_worm_28_C3,28.719,145.008,135,160,4164.468,362520
280,ELT2rnai:background:MAX_ELT2gfp_ELT2rnai_worm_28_C3,28.719,147.411,138,163,4233.474,368527
281,L4440rnai:intestine:MAX_ELT2gfp_L4440rnai_worm_01_C2,1360.322,343.110,163,1212,466740.642,40630113
282,L4440rnai:background:MAX_ELT2gfp_L4440rnai_worm_01_C2,28.719,118.641,113,134,3407.232,296602
283,L4440rnai:background:MAX_ELT2gfp_L4440rnai_worm_01_C2,28.719,118.641,113,134,3407.232,296602
284,L4440rnai:background:MAX_ELT2gfp_L4440rnai_worm_01_C2,28.719,118.641,113,134,3407.232,296602
285,L4440rnai:background:MAX_ELT2gfp_L4440rnai_worm_01_C2,28.719,118.641,113,134,3407.232,296602
286,L4440rnai:intestine:MAX_ELT2gfp_L4440rnai_worm_01_C3,1360.322,215.180,150,491,292713.713,25480942
287,L4440rnai:background:MAX_ELT2gfp_L4440rnai_worm_01_C3,28.719,147.050,138,165,4223.101,367624
288,L4440rnai:background:MAX_ELT2gfp_L4440rnai_worm_01_C3,28.719,147.050,138,165,4223.101,367624
289,L4440rnai:background:MAX_ELT2gfp_L4440rnai_worm_01_C3,28.719,147.050,138,165,4223.101,367624
290,L4440rnai:background:MAX_ELT2gfp_L4440rnai_worm_01_C3,28.719,147.050,138,165,4223.101,367624
291,L4440rnai:intestine:MAX_ELT2gfp_L4440rnai_worm_02_C2,1336.014,319.082,153,963,426297.971,37109549
292,L4440rnai:background:MAX_ELT2gfp_L4440rnai_worm_02_C2,28.719,114.256,111,123,3281.305,285640
293,L4440rnai:background:MAX_ELT2gfp_L4440rnai_worm_02_C2,28.719,116.554,112,127,3347.290,291384
294,L4440rnai:background:MAX_ELT2gfp_L4440rnai_worm_02_C2,28.719,115.023,110,122,3303.338,287558
295,L4440rnai:background:MAX_ELT2gfp_L4440rnai_worm_02_C2,28.719,121.422,115,130,3487.116,303556
296,L4440rnai:intestine:MAX_ELT2gfp_L4440rnai_worm_02_C3,1336.014,221.508,151,575,295938.338,25761648
297,L4440rnai:background:MAX_ELT2gfp_L4440rnai_worm_02_C3,28.719,133.591,128,144,3836.579,333977
298,L4440rnai:background:MAX_ELT2gfp_L4440rnai_worm_02_C3,28.719,133.478,128,143,3833.340,333695
299,L4440rnai:background:MAX_ELT2gfp_L4440rnai_worm_02_C3,28.719,134.520,129,143,3863.253,336299
300,L4440rnai:background:MAX_ELT2gfp_L4440rnai_worm_02_C3,28.719,136.534,131,148,3921.104,341335
301,L4440rnai:intestine:MAX_ELT2gfp_L4440rnai_worm_03_C2,976.488,376.495,169,1419,367642.988,32003590
302,L4440rnai:background:MAX_ELT2gfp_L4440rnai_worm_03_C2,28.719,122.842,114,135,3527.897,307106
303,L4440rnai:background:MAX_ELT2gfp_L4440rnai_worm_03_C2,28.719,122.842,114,135,3527.897,307106
304,L4440rnai:background:MAX_ELT2gfp_L4440rnai_worm_03_C2,28.719,122.842,114,135,3527.897,307106
305,L4440rnai:background:MAX_ELT2gfp_L4440rnai_worm_03_C2,28.719,122.842,114,135,3527.897,307106
306,L4440rnai:intestine:MAX_ELT2gfp_L4440rnai_worm_03_C3,976.488,254.981,162,759,248985.888,21674403
307,L4440rnai:background:MAX_ELT2gfp_L4440rnai_worm_03_C3,28.719,146.348,138,158,4202.963,365871
308,L4440rnai:background:MAX_ELT2gfp_L4440rnai_worm_03_C3,28.719,146.348,138,158,4202.963,365871
309,L4440rnai:background:MAX_ELT2gfp_L4440rnai_worm_03_C3,28.719,146.348,138,158,4202.963,365871
310,L4440rnai:background:MAX_ELT2gfp_L4440rnai_worm_03_C3,28.719,146.348,138,158,4202.963,365871
311,L4440rnai:intestine:MAX_ELT2gfp_L4440rnai_worm_04_C2,1157.187,370.735,181,1315,429010.182,37345649
312,L4440rnai:background:MAX_ELT2gfp_L4440rnai_worm_04_C2,28.719,120.327,115,130,3455.652,300817
313,L4440rnai:background:MAX_ELT2gfp_L4440rnai_worm_04_C2,28.719,120.327,115,130,3455.652,300817
314,L4440rnai:background:MAX_ELT2gfp_L4440rnai_worm_04_C2,28.719,120.327,115,130,3455.652,300817
315,L4440rnai:background:MAX_ELT2gfp_L4440rnai_worm_04_C2,28.719,120.327,115,130,3455.652,300817
316,L4440rnai:intestine:MAX_ELT2gfp_L4440rnai_worm_04_C3,1157.187,260.875,166,870,301881.689,26279021.000
317,L4440rnai:background:MAX_ELT2gfp_L4440rnai_worm_04_C3,28.719,145.355,138,159,4174.439,363388
318,L4440rnai:background:MAX_ELT2gfp_L4440rnai_worm_04_C3,28.719,145.355,138,159,4174.439,363388
319,L4440rnai:background:MAX_ELT2gfp_L4440rnai_worm_04_C3,28.719,145.355,138,159,4174.439,363388
320,L4440rnai:background:MAX_ELT2gfp_L4440rnai_worm_04_C3,28.719,145.355,138,159,4174.439,363388
321,L4440rnai:intestine:MAX_ELT2gfp_L4440rnai_worm_05_C2,1247.698,509.836,166,2820,636120.936,55374791
322,L4440rnai:background:MAX_ELT2gfp_L4440rnai_worm_05_C2,28.719,119.313,113,136,3426.531,298282
323,L4440rnai:background:MAX_ELT2gfp_L4440rnai_worm_05_C2,28.719,119.854,114,133,3442.062,299634
324,L4440rnai:background:MAX_ELT2gfp_L4440rnai_worm_05_C2,28.719,116.792,112,140,3354.136,291980
325,L4440rnai:background:MAX_ELT2gfp_L4440rnai_worm_05_C2,28.719,117.030,112,125,3360.983,292576
326,L4440rnai:intestine:MAX_ELT2gfp_L4440rnai_worm_05_C3,1247.698,220.922,146,1191,275644.103,23995020
327,L4440rnai:background:MAX_ELT2gfp_L4440rnai_worm_05_C3,28.719,141.056,133,153,4050.983,352641
328,L4440rnai:background:MAX_ELT2gfp_L4440rnai_worm_05_C3,28.719,140.574,133,155,4037.140,351436
329,L4440rnai:background:MAX_ELT2gfp_L4440rnai_worm_05_C3,28.719,140.192,134,154,4026.147,350479
330,L4440rnai:background:MAX_ELT2gfp_L4440rnai_worm_05_C3,28.719,140.510,133,152,4035.291,351275
331,L4440rnai:intestine:MAX_ELT2gfp_L4440rnai_worm_06_C2,1367.720,362.524,145,1411,495831.231,43162470
332,L4440rnai:background:MAX_ELT2gfp_L4440rnai_worm_06_C2,28.719,116.093,112,124,3334.056,290232
333,L4440rnai:background:MAX_ELT2gfp_L4440rnai_worm_06_C2,28.719,117.273,112,125,3367.956,293183
334,L4440rnai:background:MAX_ELT2gfp_L4440rnai_worm_06_C2,28.719,113.469,109,121,3258.709,283673
335,L4440rnai:background:MAX_ELT2gfp_L4440rnai_worm_06_C2,28.719,117.796,112,133,3382.958,294489
336,L4440rnai:intestine:MAX_ELT2gfp_L4440rnai_worm_06_C3,1367.720,251.951,149,1128,344598.126,29997518
337,L4440rnai:background:MAX_ELT2gfp_L4440rnai_worm_06_C3,28.719,141.234,134,152,4056.095,353086
338,L4440rnai:background:MAX_ELT2gfp_L4440rnai_worm_06_C3,28.719,141.917,134,155,4075.692,354792
339,L4440rnai:background:MAX_ELT2gfp_L4440rnai_worm_06_C3,28.719,136.347,129,147,3915.740,340868.000
340,L4440rnai:background:MAX_ELT2gfp_L4440rnai_worm_06_C3,28.719,140.052,131,154,4022.149,350131
341,L4440rnai:intestine:MAX_ELT2gfp_L4440rnai_worm_07_C2,1263.091,448.954,215,1508,567069.980,49363855
342,L4440rnai:background:MAX_ELT2gfp_L4440rnai_worm_07_C2,28.719,141.160,125,165,4053.947,352899.000
343,L4440rnai:background:MAX_ELT2gfp_L4440rnai_worm_07_C2,28.719,141.160,125,165,4053.947,352899.000
344,L4440rnai:background:MAX_ELT2gfp_L4440rnai_worm_07_C2,28.719,141.160,125,165,4053.947,352899.000
345,L4440rnai:background:MAX_ELT2gfp_L4440rnai_worm_07_C2,28.719,141.160,125,165,4053.947,352899.000
346,L4440rnai:intestine:MAX_ELT2gfp_L4440rnai_worm_07_C3,1263.091,234.980,163,1016,296800.548,25836704
347,L4440rnai:background:MAX_ELT2gfp_L4440rnai_worm_07_C3,28.719,148.255,138,166,4257.724,370638
348,L4440rnai:background:MAX_ELT2gfp_L4440rnai_worm_07_C3,28.719,148.255,138,166,4257.724,370638
349,L4440rnai:background:MAX_ELT2gfp_L4440rnai_worm_07_C3,28.719,148.255,138,166,4257.724,370638
350,L4440rnai:background:MAX_ELT2gfp_L4440rnai_worm_07_C3,28.719,148.255,138,166,4257.724,370638
351,L4440rnai:intestine:MAX_ELT2gfp_L4440rnai_worm_08_C2,1621.066,259.520,137,878,420698.684,36622127
352,L4440rnai:background:MAX_ELT2gfp_L4440rnai_worm_08_C2,28.719,119.285,113,136,3425.738,298213
353,L4440rnai:background:MAX_ELT2gfp_L4440rnai_worm_08_C2,28.719,119.285,113,136,3425.738,298213
354,L4440rnai:background:MAX_ELT2gfp_L4440rnai_worm_08_C2,28.719,119.285,113,136,3425.738,298213
355,L4440rnai:background:MAX_ELT2gfp_L4440rnai_worm_08_C2,28.719,119.285,113,136,3425.738,298213
356,L4440rnai:intestine:MAX_ELT2gfp_L4440rnai_worm_08_C3,1621.066,209.583,145,748,339747.782,29575292.000
357,L4440rnai:background:MAX_ELT2gfp_L4440rnai_worm_08_C3,28.719,144.424,136,160,4147.708,361061
358,L4440rnai:background:MAX_ELT2gfp_L4440rnai_worm_08_C3,28.719,144.424,136,160,4147.708,361061
359,L4440rnai:background:MAX_ELT2gfp_L4440rnai_worm_08_C3,28.719,144.424,136,160,4147.708,361061
360,L4440rnai:background:MAX_ELT2gfp_L4440rnai_worm_08_C3,28.719,144.424,136,160,4147.708,361061
361,L4440rnai:intestine:MAX_ELT2gfp_L4440rnai_worm_09_C2,1798.273,404.984,169,1616,728271.273,63396545.000
362,L4440rnai:background:MAX_ELT2gfp_L4440rnai_worm_09_C2,28.719,124.121,117,148,3564.611,310302
363,L4440rnai:background:MAX_ELT2gfp_L4440rnai_worm_09_C2,28.719,124.121,117,148,3564.611,310302
364,L4440rnai:background:MAX_ELT2gfp_L4440rnai_worm_09_C2,28.719,124.121,117,148,3564.611,310302
365,L4440rnai:background:MAX_ELT2gfp_L4440rnai_worm_09_C2,28.719,124.121,117,148,3564.611,310302
366,L4440rnai:intestine:MAX_ELT2gfp_L4440rnai_worm_09_C3,1798.273,390.159,178,749,701611.680,61075808.000
367,L4440rnai:background:MAX_ELT2gfp_L4440rnai_worm_09_C3,28.719,148.125,138,160,4253.979,370312
368,L4440rnai:background:MAX_ELT2gfp_L4440rnai_worm_09_C3,28.719,148.125,138,160,4253.979,370312
369,L4440rnai:background:MAX_ELT2gfp_L4440rnai_worm_09_C3,28.719,148.125,138,160,4253.979,370312
370,L4440rnai:background:MAX_ELT2gfp_L4440rnai_worm_09_C3,28.719,148.125,138,160,4253.979,370312
371,L4440rnai:intestine:MAX_ELT2gfp_L4440rnai_worm_10_C2,1107.216,381.992,191,1241,422947.637,36817900
372,L4440rnai:background:MAX_ELT2gfp_L4440rnai_worm_10_C2,28.719,119.888,114,128,3443.061,299721
373,L4440rnai:background:MAX_ELT2gfp_L4440rnai_worm_10_C2,28.719,117.480,113,126,3373.883,293699
374,L4440rnai:background:MAX_ELT2gfp_L4440rnai_worm_10_C2,28.719,127.854,118,140,3671.836,319636
375,L4440rnai:background:MAX_ELT2gfp_L4440rnai_worm_10_C2,28.719,123.682,116,135,3552.009,309205
376,L4440rnai:intestine:MAX_ELT2gfp_L4440rnai_worm_10_C3,1107.216,219.663,161,511,243214.139,21171968
377,L4440rnai:background:MAX_ELT2gfp_L4440rnai_worm_10_C3,28.719,141.461,134,153,4062.608,353653
378,L4440rnai:background:MAX_ELT2gfp_L4440rnai_worm_10_C3,28.719,138.581,131,149,3979.898,346453
379,L4440rnai:background:MAX_ELT2gfp_L4440rnai_worm_10_C3,28.719,143.506,135,157,4121.344,358766.000
380,L4440rnai:background:MAX_ELT2gfp_L4440rnai_worm_10_C3,28.719,141.138,134,152,4053.338,352846
381,L4440rnai:intestine:MAX_ELT2gfp_L4440rnai_worm_11_C2,1209.938,380.718,168,1495,460645.483,40099525
382,L4440rnai:background:MAX_ELT2gfp_L4440rnai_worm_11_C2,28.719,119.884,115,131,3442.924,299709
383,L4440rnai:background:MAX_ELT2gfp_L4440rnai_worm_11_C2,28.719,119.884,115,131,3442.924,299709
384,L4440rnai:background:MAX_ELT2gfp_L4440rnai_worm_11_C2,28.719,119.884,115,131,3442.924,299709
385,L4440rnai:background:MAX_ELT2gfp_L4440rnai_worm_11_C2,28.719,119.884,115,131,3442.924,299709
386,L4440rnai:intestine:MAX_ELT2gfp_L4440rnai_worm_11_C3,1209.938,272.606,155,1204,329836.998,28712551
387,L4440rnai:background:MAX_ELT2gfp_L4440rnai_worm_11_C3,28.719,144.230,136,158,4142.125,360575
388,L4440rnai:background:MAX_ELT2gfp_L4440rnai_worm_11_C3,28.719,144.230,136,158,4142.125,360575
389,L4440rnai:background:MAX_ELT2gfp_L4440rnai_worm_11_C3,28.719,144.230,136,158,4142.125,360575
390,L4440rnai:background:MAX_ELT2gfp_L4440rnai_worm_11_C3,28.719,144.230,136,158,4142.125,360575
391,L4440rnai:intestine:MAX_ELT2gfp_L4440rnai_worm_12_C2,1112.489,368.967,170,1494,410471.797,35731869
392,L4440rnai:background:MAX_ELT2gfp_L4440rnai_worm_12_C2,28.719,118.068,113,128,3390.770,295169
393,L4440rnai:background:MAX_ELT2gfp_L4440rnai_worm_12_C2,28.719,115.168,110,124,3307.497,287920
394,L4440rnai:background:MAX_ELT2gfp_L4440rnai_worm_12_C2,28.719,119.977,114,133,3445.600,299942
395,L4440rnai:background:MAX_ELT2gfp_L4440rnai_worm_12_C2,28.719,116.309,112,126,3340.271,290773
396,L4440rnai:intestine:MAX_ELT2gfp_L4440rnai_worm_12_C3,1112.489,215.501,149,451,239742.163,20869730
397,L4440rnai:background:MAX_ELT2gfp_L4440rnai_worm_12_C3,28.719,141.702,135,155,4069.535,354256
398,L4440rnai:background:MAX_ELT2gfp_L4440rnai_worm_12_C3,28.719,139.212,132,150,3998.002,348029
399,L4440rnai:background:MAX_ELT2gfp_L4440rnai_worm_12_C3,28.719,141.051,133,153,4050.833,352628
400,L4440rnai:background:MAX_ELT2gfp_L4440rnai_worm_12_C3,28.719,140.684,131,153,4040.276,351709.000
401,L4440rnai:intestine:MAX_ELT2gfp_L4440rnai_worm_13_C2,1499.379,362.662,154,1378,543767.533,47335360
402,L4440rnai:background:MAX_ELT2gfp_L4440rnai_worm_13_C2,28.719,116.861,112,127,3356.124,292153
403,L4440rnai:background:MAX_ELT2gfp_L4440rnai_worm_13_C2,28.719,115.822,111,123,3326.279,289555
404,L4440rnai:background:MAX_ELT2gfp_L4440rnai_worm_13_C2,28.719,115.792,111,123,3325.429,289481
405,L4440rnai:background:MAX_ELT2gfp_L4440rnai_worm_13_C2,28.719,113.581,109,120,3261.914,283952
406,L4440rnai:intestine:MAX_ELT2gfp_L4440rnai_worm_13_C3,1499.379,228.593,144,693,342747.952,29836459
407,L4440rnai:background:MAX_ELT2gfp_L4440rnai_worm_13_C3,28.719,143.093,134,155,4109.477,357733
408,L4440rnai:background:MAX_ELT2gfp_L4440rnai_worm_13_C3,28.719,141.775,133,156,4071.626,354438.000
409,L4440rnai:background:MAX_ELT2gfp_L4440rnai_worm_13_C3,28.719,140.792,133,152,4043.378,351979.000
410,L4440rnai:background:MAX_ELT2gfp_L4440rnai_worm_13_C3,28.719,137.086,129,148,3936.957,342715.000
411,L4440rnai:intestine:MAX_ELT2gfp_L4440rnai_worm_14_C2,1233.269,410.325,130,1255,506040.979,44051236
412,L4440rnai:background:MAX_ELT2gfp_L4440rnai_worm_14_C2,28.719,117.874,113,127,3385.222,294686
413,L4440rnai:background:MAX_ELT2gfp_L4440rnai_worm_14_C2,28.719,117.874,113,127,3385.222,294686
414,L4440rnai:background:MAX_ELT2gfp_L4440rnai_worm_14_C2,28.719,117.874,113,127,3385.222,294686
415,L4440rnai:background:MAX_ELT2gfp_L4440rnai_worm_14_C2,28.719,117.874,113,127,3385.222,294686
416,L4440rnai:intestine:MAX_ELT2gfp_L4440rnai_worm_14_C3,1233.269,226.610,145,733,279471.400,24328189
417,L4440rnai:background:MAX_ELT2gfp_L4440rnai_worm_14_C3,28.719,145.097,136,159,4167.030,362743.000
418,L4440rnai:background:MAX_ELT2gfp_L4440rnai_worm_14_C3,28.719,145.097,136,159,4167.030,362743.000
419,L4440rnai:background:MAX_ELT2gfp_L4440rnai_worm_14_C3,28.719,145.097,136,159,4167.030,362743.000
420,L4440rnai:background:MAX_ELT2gfp_L4440rnai_worm_14_C3,28.719,145.097,136,159,4167.030,362743.000
421,L4440rnai:intestine:MAX_ELT2gfp_L4440rnai_worm_15_C2,1256.807,402.691,178,1429,506104.597,44056774
422,L4440rnai:background:MAX_ELT2gfp_L4440rnai_worm_15_C2,28.719,118.146,113,127,3393.033,295366
423,L4440rnai:background:MAX_ELT2gfp_L4440rnai_worm_15_C2,28.719,118.146,113,127,3393.033,295366
424,L4440rnai:background:MAX_ELT2gfp_L4440rnai_worm_15_C2,28.719,118.146,113,127,3393.033,295366
425,L4440rnai:background:MAX_ELT2gfp_L4440rnai_worm_15_C2,28.719,118.146,113,127,3393.033,295366
426,L4440rnai:intestine:MAX_ELT2gfp_L4440rnai_worm_15_C3,1256.807,367.298,165,2308,461622.856,40184606
427,L4440rnai:background:MAX_ELT2gfp_L4440rnai_worm_15_C3,28.719,145.248,137,157,4171.372,363121
428,L4440rnai:background:MAX_ELT2gfp_L4440rnai_worm_15_C3,28.719,145.248,137,157,4171.372,363121
429,L4440rnai:background:MAX_ELT2gfp_L4440rnai_worm_15_C3,28.719,145.248,137,157,4171.372,363121
430,L4440rnai:background:MAX_ELT2gfp_L4440rnai_worm_15_C3,28.719,145.248,137,157,4171.372,363121
431,L4440rnai:intestine:MAX_ELT2gfp_L4440rnai_worm_16_C2,1803.236,280.245,136,881,505346.993,43990824.000
432,L4440rnai:background:MAX_ELT2gfp_L4440rnai_worm_16_C2,28.719,115.751,112,122,3324.234,289377
433,L4440rnai:background:MAX_ELT2gfp_L4440rnai_worm_16_C2,28.719,115.751,112,122,3324.234,289377
434,L4440rnai:background:MAX_ELT2gfp_L4440rnai_worm_16_C2,28.719,115.751,112,122,3324.234,289377
435,L4440rnai:background:MAX_ELT2gfp_L4440rnai_worm_16_C2,28.719,115.751,112,122,3324.234,289377
436,L4440rnai:intestine:MAX_ELT2gfp_L4440rnai_worm_16_C3,1803.236,203.368,134,460,366720.422,31923280
437,L4440rnai:background:MAX_ELT2gfp_L4440rnai_worm_16_C3,28.719,142.633,134,154,4096.255,356582
438,L4440rnai:background:MAX_ELT2gfp_L4440rnai_worm_16_C3,28.719,142.633,134,154,4096.255,356582
439,L4440rnai:background:MAX_ELT2gfp_L4440rnai_worm_16_C3,28.719,142.633,134,154,4096.255,356582
440,L4440rnai:background:MAX_ELT2gfp_L4440rnai_worm_16_C3,28.719,142.633,134,154,4096.255,356582
441,L4440rnai:intestine:MAX_ELT2gfp_L4440rnai_worm_17_C2,1591.325,280.324,143,1023,446085.835,38832097
442,L4440rnai:background:MAX_ELT2gfp_L4440rnai_worm_17_C2,28.719,116.038,111,124,3332.471,290094
443,L4440rnai:background:MAX_ELT2gfp_L4440rnai_worm_17_C2,28.719,116.031,112,123,3332.287,290078
444,L4440rnai:background:MAX_ELT2gfp_L4440rnai_worm_17_C2,28.719,115.556,111,125,3318.628,288889
445,L4440rnai:background:MAX_ELT2gfp_L4440rnai_worm_17_C2,28.719,119.093,113,130,3420.224,297733
446,L4440rnai:intestine:MAX_ELT2gfp_L4440rnai_worm_17_C3,1591.325,193.734,142,758,308293.318,26837158
447,L4440rnai:background:MAX_ELT2gfp_L4440rnai_worm_17_C3,28.719,134.987,129,144,3876.671,337467.000
448,L4440rnai:background:MAX_ELT2gfp_L4440rnai_worm_17_C3,28.719,136.446,129,147,3918.566,341114.000
449,L4440rnai:background:MAX_ELT2gfp_L4440rnai_worm_17_C3,28.719,134.393,128,144,3859.612,335982
450,L4440rnai:background:MAX_ELT2gfp_L4440rnai_worm_17_C3,28.719,136.662,129,148,3924.792,341656
