wikigene_name,ELT2_cluster_name,rna_cluster_name
ugt-1,L3_High,Larval
ugt-1,Increasing,Larval
ugt-2,Larval,Larval
ugt-2,Increasing,Larval
ugt-2,Increasing,Larval
AH9.1,Not_Bound,Embryonic
AH9.3,L3_High,Embryonic
lin-24,Increasing,Embryonic
B0024.4,Not_Bound,Adult
trx-2,Not_Bound,Larval
csn-2,Not_Bound,Adult
B0034.5,Not_Bound,Embryonic
B0035.13,Increasing,Larval
B0035.15,Not_Bound,Adult
B0035.3,Not_Bound,Larval
pfd-4,L3_High,Embryonic
pfd-4,L3_High,Embryonic
B0041.5,L3_High,Embryonic
B0041.5,L3_High,Embryonic
ptps-1,Increasing,Embryonic
B0205.13,L3_High,Embryonic
cyp-34A9,Increasing,Larval
cyp-34A9,Increasing,Larval
nlp-34,Not_Bound,Larval
nlp-27,Not_Bound,Larval
nlp-28,Not_Bound,Larval
nlp-29,Not_Bound,Embryonic
nlp-30,Not_Bound,Embryonic
nlp-31,Embryo_Specific,Larval
faah-1,Larval,Embryonic
faah-2,Larval,Larval
faah-2,Increasing,Larval
clec-51,Increasing,Larval
clec-51,Larval,Larval
clec-52,Increasing,Larval
gad-3,Larval,Larval
gad-3,Larval,Larval
B0228.1,Increasing,Larval
B0228.7,L3_High,Larval
cest-35.1,Not_Bound,Embryonic
B0250.5,Not_Changing,Adult
B0250.5,Increasing,Adult
asm-1,L3_High,Larval
B0272.3,Increasing,Larval
B0272.3,Increasing,Larval
B0272.4,Increasing,Embryonic
B0280.11,Not_Bound,Adult
viro-2,Increasing,Embryonic
B0280.2,Not_Bound,Embryonic
rpia-1,Not_Bound,Adult
B0281.3,Larval,Larval
B0286.1,Increasing,Embryonic
paic-1,Increasing,Larval
B0302.5,Increasing,Embryonic
B0302.5,Increasing,Embryonic
B0302.5,Increasing,Embryonic
mrpl-11,Increasing,Embryonic
B0303.3,Larval,Adult
B0303.3,Increasing,Adult
ugt-46,L3_High,Larval
ugt-46,L3_High,Larval
ttr-18,Not_Bound,Embryonic
B0334.4,Not_Bound,Embryonic
arf-1.2,Increasing,Embryonic
arf-1.2,Increasing,Embryonic
B0336.7,Not_Bound,Adult
lgg-3,L3_High,Embryonic
B0348.2,Larval,Larval
B0361.4,Not_Bound,Embryonic
algn-11,Not_Bound,Adult
B0361.9,Not_Bound,Larval
acly-2,Not_Bound,Larval
clec-41,Increasing,Adult
rbg-3,Not_Bound,Adult
mtk-1,Not_Bound,Embryonic
B0416.5,Increasing,Embryonic
B0454.5,Larval,Larval
B0457.2,Not_Bound,Larval
nlp-36,Increasing,Embryonic
baf-1,Not_Bound,Larval
B0495.9,Embryo_Specific,Adult
B0496.2,Not_Bound,Embryonic
valv-1,Not_Bound,Embryonic
ddn-1,Not_Bound,Embryonic
B0507.3,Increasing,Embryonic
B0507.3,Increasing,Embryonic
B0507.3,Increasing,Embryonic
B0507.8,Not_Bound,Embryonic
mrps-30,Not_Bound,Larval
thoc-7,Not_Bound,Adult
rpl-29,Increasing,Larval
mai-2,Increasing,Larval
B0546.4,Not_Bound,Embryonic
dod-20,Increasing,Larval
tin-9.2,Not_Bound,Larval
B0564.2,Not_Bound,Larval
C01A2.9,Increasing,Embryonic
cest-5.2,Increasing,Embryonic
cest-5.1,L3_High,Embryonic
C01B10.6,Increasing,Larval
C01B10.6,L3_High,Larval
C01B12.8,L3_High,Larval
sco-1,Increasing,Larval
rga-6,Not_Bound,Embryonic
nrfl-1,Increasing,Embryonic
nrfl-1,L3_High,Embryonic
nrfl-1,Increasing,Embryonic
nrfl-1,Larval,Embryonic
nrfl-1,Increasing,Embryonic
icln-1,Not_Bound,Larval
C01F6.9,Increasing,Embryonic
C01G10.10,Not_Bound,Embryonic
C01G10.9,L3_High,Adult
C01G10.9,Increasing,Adult
C01G5.5,Not_Bound,Adult
acs-7,L3_High,Embryonic
col-61,Not_Bound,Embryonic
C01H6.8,Not_Bound,Embryonic
lys-7,Larval,Larval
snpn-1,Increasing,Embryonic
snpn-1,Increasing,Embryonic
snpn-1,L3_High,Embryonic
C02B10.3,Not_Bound,Embryonic
slc-17.3,Increasing,Larval
nra-4,Not_Bound,Larval
C02E7.6,Not_Bound,Embryonic
ced-5,Not_Bound,Adult
tsp-2,Increasing,Embryonic
C02F5.5,Not_Bound,Adult
henn-1,Increasing,Adult
tsp-1,Larval,Embryonic
pbs-6,Not_Bound,Larval
fbxa-105,Increasing,Embryonic
ugt-51,Not_Bound,Embryonic
lmp-1,L3_High,Adult
C03B1.13,Larval,Larval
C03B1.13,Larval,Larval
C03B1.13,Increasing,Larval
C03B1.14,Increasing,Larval
C03B1.5,Larval,Embryonic
C03B1.7,Increasing,Embryonic
rpl-24.2,L3_High,Adult
cyp-35A2,Increasing,Larval
clec-10,Larval,Larval
tbc-6,Increasing,Larval
rpl-14,L3_High,Larval
C04F12.7,Not_Bound,Adult
rnh-1.3,Not_Bound,Larval
dis-3,Not_Bound,Adult
mpk-2,Increasing,Embryonic
mpk-2,L3_High,Embryonic
pph-1,Increasing,Embryonic
pph-1,Larval,Embryonic
C05B5.5,Not_Bound,Embryonic
gtl-1,Increasing,Embryonic
gtl-1,Increasing,Embryonic
gtl-1,Increasing,Embryonic
gtl-1,Increasing,Embryonic
gtl-1,Increasing,Embryonic
C05C12.4,Increasing,Larval
C05C9.3,Larval,Larval
attf-4,Increasing,Embryonic
attf-4,Increasing,Embryonic
attf-4,L3_High,Embryonic
wht-1,Larval,Larval
C05D10.4,L3_High,Embryonic
mrps-17,Not_Bound,Embryonic
mel-32,Increasing,Larval
let-721,Increasing,Adult
C05D11.13,Increasing,Embryonic
C05D11.5,Increasing,Larval
C05D12.3,Larval,Larval
C05D12.3,Larval,Larval
C05D12.3,Increasing,Larval
C05D2.8,Increasing,Larval
lmp-2,Increasing,Embryonic
amt-4,Increasing,Larval
amt-4,Larval,Larval
amt-4,Increasing,Larval
icl-1,Larval,Embryonic
C05G5.5,Increasing,Embryonic
C06A5.12,Not_Bound,Adult
C06A6.7,Increasing,Embryonic
mthf-1,Larval,Adult
mthf-1,Increasing,Adult
skr-17,Not_Bound,Adult
C06A8.8,Not_Bound,Embryonic
cyp-35C1,L3_High,Larval
C06B3.6,Not_Bound,Larval
C06B8.2,Increasing,Embryonic
rpl-38,Increasing,Larval
nhr-63,Not_Bound,Embryonic
C06E1.11,Not_Bound,Embryonic
C06E1.7,Larval,Embryonic
C06E2.5,L3_High,Embryonic
sams-4,Not_Bound,Embryonic
ain-1,L3_High,Embryonic
ain-1,Larval,Embryonic
ain-1,Increasing,Embryonic
ain-1,Increasing,Embryonic
ain-1,Increasing,Embryonic
C06G3.8,Not_Bound,Adult
hrpk-2,Not_Bound,Adult
C06G4.4,Not_Bound,Adult
swt-3,Not_Bound,Larval
atp-5,Increasing,Larval
fbxa-156,Not_Bound,Larval
fbxa-157,Increasing,Larval
C06H5.6,Increasing,Adult
dcar-1,Not_Bound,Embryonic
C07A12.7,Increasing,Embryonic
ncx-7,Larval,Larval
ncx-7,Increasing,Larval
ncx-7,Increasing,Larval
bud-31,L3_High,Adult
bud-31,L3_High,Adult
ncx-6,Increasing,Larval
ncx-6,Increasing,Larval
C07B5.2,Embryo_Specific,Embryonic
C07B5.4,Not_Bound,Embryonic
nuc-1,Larval,Larval
nuc-1,Larval,Larval
bath-44,Increasing,Embryonic
bath-44,Increasing,Embryonic
bath-44,L3_High,Embryonic
nas-7,L3_High,Embryonic
C07D10.5,Increasing,Embryonic
C07D8.6,Increasing,Larval
pro-2,Not_Bound,Larval
C07E3.3,Not_Bound,Embryonic
wsp-1,Not_Bound,Embryonic
irg-1,Not_Bound,Larval
C07G3.8,Not_Bound,Embryonic
C07H4.1,Increasing,Embryonic
C07H4.1,Increasing,Embryonic
C07H6.2,Not_Bound,Adult
C07H6.4,Increasing,Adult
C07H6.4,Larval,Adult
hda-2,Larval,Adult
nrf-6,L3_High,Larval
nrf-6,Increasing,Larval
nrf-6,L3_High,Larval
ugt-17,Increasing,Larval
ugt-17,Increasing,Larval
ugt-17,Increasing,Larval
C08B6.10,Increasing,Embryonic
C08B6.11,Not_Bound,Embryonic
C08B6.2,Increasing,Larval
C08B6.3,Larval,Adult
C08E3.1,Not_Bound,Larval
fbxa-158,Increasing,Embryonic
fbxa-163,Larval,Embryonic
fbxa-163,Increasing,Embryonic
fbxa-163,Larval,Embryonic
fbxa-166,Not_Bound,Larval
C08E8.4,Increasing,Larval
math-4,Increasing,Embryonic
ule-4,Not_Bound,Adult
C08F11.13,Increasing,Embryonic
C08F11.13,Increasing,Embryonic
fbxa-98,Increasing,Larval
ugt-22,Increasing,Larval
ugt-22,Increasing,Larval
rap-3,Not_Bound,Embryonic
vgln-1,Larval,Larval
C09B8.4,Not_Bound,Embryonic
hsp-25,Increasing,Embryonic
hsp-25,Increasing,Embryonic
hsp-25,Increasing,Embryonic
rpl-19,L3_High,Larval
mlt-10,Not_Bound,Embryonic
clc-1,Increasing,Adult
orai-1,Larval,Larval
hyl-1,L3_High,Embryonic
hyl-1,Increasing,Embryonic
hyl-1,Increasing,Embryonic
cks-1,Not_Bound,Embryonic
nbs-1,L3_High,Adult
rpl-36.A,L3_High,Larval
C10A4.10,Increasing,Adult
C10A4.3,Not_Bound,Embryonic
C10B5.3,L3_High,Embryonic
fbxc-58,L3_High,Embryonic
C10C5.4,Increasing,Adult
wht-2,Increasing,Adult
C10C6.7,Not_Bound,Embryonic
mlst-8,Not_Bound,Adult
C11D2.4,Not_Bound,Adult
prx-1,Increasing,Larval
cbl-1,Increasing,Embryonic
cbl-1,Increasing,Embryonic
C12D12.1,Increasing,Larval
C12D12.1,Increasing,Larval
C12D12.1,Larval,Larval
sox-4,Increasing,Embryonic
cyp-33A1,Increasing,Embryonic
daf-36,Increasing,Larval
daf-36,Increasing,Larval
C13A10.1,Larval,Larval
pdfr-1,Not_Changing,Embryonic
nhr-153,Increasing,Embryonic
spin-1,Not_Changing,Embryonic
spin-1,Increasing,Embryonic
C13C4.6,Increasing,Adult
ugt-7,Larval,Larval
C13F10.6,Not_Bound,Embryonic
C13G5.2,Not_Bound,Adult
cgef-1,Embryo_Specific,Embryonic
cgef-1,Not_Changing,Embryonic
crn-5,Not_Bound,Embryonic
C14A4.7,Increasing,Embryonic
C14A4.9,Not_Bound,Embryonic
clec-48,Larval,Larval
C14B1.2,L3_High,Adult
C14B1.8,L3_High,Adult
hsp-12.2,Not_Bound,Embryonic
C14B9.2,Increasing,Embryonic
C14B9.2,L3_High,Embryonic
rpl-21,Increasing,Larval
rpl-21,L3_High,Larval
ril-2,L3_High,Adult
ril-2,Increasing,Adult
C14C10.5,Larval,Larval
C14C10.5,Larval,Larval
hex-2,L3_High,Embryonic
hex-2,Larval,Embryonic
C14C11.4,Increasing,Embryonic
C14C11.4,Increasing,Embryonic
C14C6.2,Increasing,Larval
C14C6.5,Larval,Larval
C14H10.3,Increasing,Embryonic
C14H10.3,Increasing,Embryonic
C14H10.3,Larval,Embryonic
C15B12.1,Increasing,Larval
C15C7.5,Increasing,Embryonic
C15C7.5,Larval,Embryonic
C15C7.5,Increasing,Embryonic
C15C7.7,Increasing,Embryonic
hrg-7,Larval,Larval
C15C8.5,L3_High,Embryonic
C15C8.7,Increasing,Embryonic
C15C8.7,Increasing,Embryonic
C15H11.11,Increasing,Larval
gnrr-2,Not_Bound,Embryonic
rpoa-12,L3_High,Adult
rrbs-1,L3_High,Larval
C15H9.5,Increasing,Embryonic
hsp-3,Increasing,Larval
hsp-3,Increasing,Larval
smrc-1,Not_Bound,Adult
oatr-1,Increasing,Larval
let-716,L3_High,Larval
C16A3.4,Not_Bound,Larval
C16A3.5,Not_Bound,Larval
C16A3.6,Increasing,Adult
C16B8.3,Increasing,Adult
C16B8.3,Increasing,Adult
C16C4.18,Not_Bound,Larval
math-14,Increasing,Adult
math-15,Larval,Larval
C16D9.4,Not_Bound,Embryonic
lec-9,Larval,Embryonic
lec-9,Increasing,Embryonic
lec-9,Increasing,Embryonic
C17B7.10,Not_Bound,Embryonic
fbxa-65,Not_Bound,Larval
C17C3.1,Increasing,Adult
C17C3.1,Increasing,Adult
acdh-2,Not_Bound,Embryonic
ins-12,Increasing,Larval
ins-12,Larval,Larval
ins-12,Increasing,Larval
C17C3.3,Larval,Embryonic
ins-11,Larval,Larval
nkb-1,Increasing,Embryonic
nkb-1,L3_High,Embryonic
C17E7.13,Increasing,Embryonic
C17E7.4,Not_Bound,Embryonic
C17F4.2,Not_Bound,Embryonic
C17F4.7,L3_High,Larval
C17F4.7,Larval,Larval
C17F4.8,Not_Bound,Embryonic
folr-1,Not_Bound,Embryonic
C17G1.2,Not_Bound,Adult
ugt-23,L3_High,Adult
cysl-1,L3_High,Embryonic
C17G10.1,Not_Bound,Adult
lys-8,Increasing,Larval
lys-8,Larval,Larval
C17G10.7,L3_High,Embryonic
pals-2,Increasing,Embryonic
pals-6,Not_Bound,Larval
anat-1,Increasing,Adult
anat-1,Increasing,Adult
cest-4,Not_Bound,Adult
C17H12.6,Not_Bound,Larval
C17H12.8,Increasing,Larval
C18A11.1,Increasing,Embryonic
C18A11.3,L3_High,Embryonic
C18A3.3,Not_Bound,Larval
rab-3,L3_High,Embryonic
C18B2.5,Increasing,Larval
C18B2.5,Increasing,Larval
C18B2.5,Larval,Larval
C18D11.1,Not_Bound,Embryonic
maa-1,L3_High,Embryonic
maa-1,Increasing,Embryonic
swsn-2.2,Not_Bound,Adult
cal-2,Not_Bound,Embryonic
C18E9.4,Not_Bound,Adult
C18E9.5,Not_Bound,Embryonic
C18E9.9,Increasing,Embryonic
C18E9.9,Larval,Embryonic
elt-7,Larval,Adult
C18G1.6,Not_Bound,Embryonic
C18H7.11,Larval,Larval
C18H9.6,Larval,Larval
C18H9.6,Increasing,Larval
C23F12.4,Not_Bound,Embryonic
C23G10.2,Increasing,Larval
rps-3,Not_Bound,Larval
C23G10.5,Not_Changing,Embryonic
C23H3.2,Larval,Larval
C23H3.2,L3_High,Larval
ascc-1,Increasing,Larval
sptl-1,L3_High,Larval
sptl-1,Increasing,Larval
sptl-1,L3_High,Larval
cest-8,Not_Bound,Embryonic
prmt-6,L3_High,Larval
C23H5.8,Increasing,Larval
frm-4,Increasing,Embryonic
frm-4,Increasing,Embryonic
frm-4,L3_High,Embryonic
frm-4,L3_High,Embryonic
C24A3.4,L3_High,Embryonic
C24B5.4,Increasing,Embryonic
C24B9.3,Increasing,Larval
C24B9.3,Larval,Larval
dod-3,Larval,Embryonic
C24D10.4,Not_Bound,Adult
C24D10.6,Not_Bound,Embryonic
hpo-15,L3_High,Larval
hpo-15,Larval,Larval
hpo-15,Increasing,Larval
hpo-15,Increasing,Larval
C24G6.8,L3_High,Larval
C24H10.2,L3_High,Embryonic
C24H12.4,Not_Bound,Adult
nola-3,Not_Bound,Embryonic
cpr-6,Increasing,Larval
cpr-6,Larval,Larval
cpr-6,L3_High,Larval
nhr-120,Larval,Embryonic
nhr-120,Increasing,Embryonic
nhr-120,Larval,Embryonic
nhr-120,Increasing,Embryonic
fbxa-82,Increasing,Larval
C25D7.5,Not_Bound,Embryonic
otub-1,Not_Bound,Adult
C25E10.8,Not_Bound,Larval
dpyd-1,Increasing,Larval
dpyd-1,Larval,Larval
dpyd-1,Larval,Larval
dpyd-1,L3_High,Larval
C25F9.10,Increasing,Embryonic
C25F9.14,Increasing,Embryonic
C25F9.4,Increasing,Larval
C25F9.6,Increasing,Embryonic
srw-86,Increasing,Embryonic
C25F9.9,Not_Bound,Larval
igdb-2,Not_Bound,Larval
C25G4.2,Not_Bound,Embryonic
C25G6.4,Not_Bound,Embryonic
C25H3.3,Not_Bound,Adult
C25H3.7,Not_Bound,Larval
dnc-4,L3_High,Adult
nhr-31,L3_High,Embryonic
nhr-31,Increasing,Embryonic
nhr-31,Increasing,Embryonic
nhr-31,Larval,Embryonic
nhr-31,Larval,Embryonic
nhr-31,Increasing,Embryonic
nhr-31,Increasing,Embryonic
nhr-31,Larval,Embryonic
nhr-31,Increasing,Embryonic
C26B2.8,Not_Bound,Embryonic
C26D10.4,Not_Bound,Embryonic
mmab-1,Increasing,Larval
eri-9,Not_Bound,Adult
C26F1.1,L3_High,Embryonic
C26F1.3,Not_Bound,Embryonic
rps-30,Not_Bound,Larval
grl-10,Not_Bound,Embryonic
frpr-3,Not_Bound,Embryonic
C27A12.4,Increasing,Larval
rpl-22,Not_Bound,Larval
C27A2.8,Not_Bound,Embryonic
C27A7.1,Increasing,Larval
spr-2,L3_High,Adult
C27B7.6,Not_Bound,Adult
C27B7.7,Not_Bound,Embryonic
egrh-1,Increasing,Embryonic
egrh-1,L3_High,Embryonic
crh-2,Larval,Embryonic
crh-2,Increasing,Embryonic
crh-2,Increasing,Embryonic
crh-2,Increasing,Embryonic
crh-2,Larval,Embryonic
C27D8.2,Increasing,Embryonic
C27D8.2,Increasing,Embryonic
C27D8.3,Increasing,Embryonic
C27D8.3,Larval,Embryonic
C27D9.2,Not_Bound,Larval
wdr-60,Embryo_Specific,Embryonic
vps-22,Not_Bound,Embryonic
C27H5.4,Increasing,Adult
spp-8,Larval,Larval
spp-8,Larval,Larval
spp-8,Increasing,Larval
spp-10,Not_Bound,Larval
nhr-100,Larval,Embryonic
C28D4.10,Not_Bound,Embryonic
rcs-1,Larval,Larval
C28G1.6,Larval,Larval
C28G1.6,Increasing,Larval
C28H8.2,Not_Changing,Larval
C28H8.3,Increasing,Larval
erd-2.2,Not_Changing,Larval
gsto-1,Larval,Larval
gsto-1,Larval,Larval
ech-1.1,Not_Bound,Embryonic
C29F3.7,Increasing,Larval
best-7,Increasing,Larval
C29F7.1,Increasing,Embryonic
C29F7.1,Increasing,Embryonic
C29F7.1,L3_High,Embryonic
C29F7.2,Increasing,Adult
C29F7.2,L3_High,Adult
C29F7.3,Increasing,Embryonic
C29F9.2,Larval,Embryonic
C29F9.2,L3_High,Embryonic
pals-23,Larval,Embryonic
pals-24,Increasing,Embryonic
pals-24,Increasing,Embryonic
pals-24,Larval,Embryonic
pat-4,L3_High,Embryonic
C29H12.2,Increasing,Adult
C29H12.2,Larval,Adult
rbmx-2,Not_Bound,Adult
mrpl-32,Larval,Embryonic
rpn-3,Increasing,Larval
trhr-1,Increasing,Embryonic
trhr-1,Increasing,Embryonic
idhg-2,Increasing,Larval
C30G12.2,Larval,Adult
C30G12.2,Larval,Adult
C30G12.2,Larval,Adult
C30G12.2,Larval,Adult
C30G12.2,Increasing,Adult
C30G4.4,Increasing,Larval
C30G4.4,Increasing,Larval
C30G4.4,Larval,Larval
C30G4.4,Increasing,Larval
C30G4.4,Increasing,Larval
C30G4.4,Increasing,Larval
C30G7.3,Not_Bound,Adult
C30H6.8,Not_Bound,Adult
erp-44.1,Increasing,Embryonic
oac-6,Larval,Larval
C31B8.7,Not_Changing,Embryonic
tag-10,Larval,Larval
cytb-5.1,L3_High,Larval
cytb-5.1,Increasing,Larval
lntl-1,Not_Bound,Embryonic
C31H5.4,Not_Bound,Embryonic
C31H5.5,Not_Bound,Embryonic
C31H5.7,Not_Bound,Embryonic
kvs-2,Not_Bound,Embryonic
sma-6,Increasing,Embryonic
sma-6,Increasing,Embryonic
set-4,Increasing,Embryonic
set-4,Larval,Embryonic
lgg-1,Increasing,Embryonic
lgg-1,Increasing,Embryonic
rpl-13,L3_High,Larval
tppp-1,Not_Changing,Embryonic
C32E8.5,L3_High,Adult
C32E8.9,Not_Bound,Larval
C32F10.4,Increasing,Embryonic
irg-6,Not_Bound,Embryonic
dod-24,Larval,Larval
C32H11.4,Larval,Embryonic
C33A12.1,L3_High,Larval
nlp-35,Embryo_Specific,Embryonic
ugt-21,Increasing,Larval
ethe-1,L3_High,Larval
gba-1,Increasing,Larval
gba-1,Larval,Larval
C33C12.4,Not_Bound,Adult
twk-26,Increasing,Larval
elt-2,Not_Bound,Embryonic
C33D9.3,L3_High,Larval
C33D9.8,L3_High,Embryonic
nhr-162,Not_Bound,Embryonic
nhr-163,Not_Bound,Embryonic
C33G8.4,Not_Bound,Larval
nhr-139,Not_Bound,Embryonic
C33H5.13,Increasing,Larval
rpap-3,Not_Bound,Adult
ttc-1,Not_Bound,Adult
C34B2.8,L3_High,Larval
prx-5,L3_High,Embryonic
cup-16,L3_High,Embryonic
zip-5,Larval,Embryonic
zip-5,Increasing,Embryonic
zip-5,Larval,Embryonic
zip-5,Increasing,Embryonic
grsp-3,Not_Bound,Larval
cyn-12,Not_Bound,Adult
mutd-1,Larval,Embryonic
C34D4.4,Increasing,Embryonic
C34D4.4,L3_High,Embryonic
mrps-26,L3_High,Adult
gop-2,Not_Bound,Adult
prx-10,Not_Bound,Adult
sumv-1,Not_Bound,Adult
C34E11.4,Increasing,Embryonic
ampd-1,Increasing,Embryonic
ampd-1,Larval,Embryonic
ampd-1,Larval,Embryonic
ampd-1,Larval,Embryonic
ampd-1,Larval,Embryonic
C34F6.10,Not_Bound,Embryonic
C34F6.11,Larval,Embryonic
C34F6.5,Not_Bound,Embryonic
idh-2,L3_High,Larval
tyr-4,Not_Bound,Larval
pgp-2,L3_High,Adult
pgp-2,Increasing,Adult
pgp-2,Increasing,Adult
pgp-2,L3_High,Adult
pgp-2,Larval,Adult
cdc-7,Not_Bound,Adult
odd-2,Larval,Embryonic
odd-2,Larval,Embryonic
odd-2,Larval,Embryonic
odd-2,Increasing,Embryonic
odd-2,Increasing,Embryonic
C34H4.2,Increasing,Larval
tag-244,Not_Bound,Larval
C35A11.2,Not_Bound,Embryonic
C35A11.4,Larval,Larval
C35A11.4,Increasing,Larval
C35A5.6,Not_Bound,Embryonic
dmsr-8,Not_Bound,Embryonic
C35C5.9,Not_Bound,Larval
tost-1,L3_High,Embryonic
clec-5,Increasing,Larval
clec-5,Larval,Larval
clec-5,Increasing,Larval
gipc-1,Not_Bound,Adult
C35D10.8,Not_Bound,Adult
C35E7.4,Larval,Embryonic
C35E7.9,Larval,Adult
C36A4.10,L3_High,Embryonic
C36A4.10,Not_Changing,Embryonic
cyp-25A2,Larval,Embryonic
cyp-25A3,Not_Bound,Embryonic
acs-19,Increasing,Larval
C36B1.13,Not_Bound,Embryonic
rpb-3,Not_Bound,Adult
C36B1.6,Larval,Larval
C37A2.7,Not_Bound,Larval
C37A2.8,L3_High,Embryonic
C37C3.10,Not_Bound,Embryonic
grd-8,Larval,Embryonic
ceh-37,Larval,Embryonic
ceh-37,Larval,Embryonic
ceh-37,Larval,Embryonic
ceh-37,Embryo_Specific,Embryonic
ceh-37,L3_High,Embryonic
ceh-37,Larval,Embryonic
ceh-37,Larval,Embryonic
ceh-37,Increasing,Embryonic
ceh-37,Increasing,Embryonic
C37H5.13,Not_Bound,Embryonic
abhd-5.2,L3_High,Larval
C37H5.5,L3_High,Larval
C38D9.2,Not_Bound,Embryonic
elt-4,Not_Bound,Embryonic
C39D10.11,Increasing,Embryonic
C39D10.8,Not_Bound,Larval
rfc-3,Not_Bound,Adult
C39E9.8,Not_Bound,Larval
C39F7.1,Increasing,Embryonic
C39F7.1,Embryo_Specific,Embryonic
rab-1,Not_Bound,Embryonic
C39H7.4,Larval,Embryonic
math-20,Not_Bound,Embryonic
math-21,Increasing,Embryonic
math-21,Increasing,Embryonic
C40H1.7,Increasing,Larval
C40H1.7,Increasing,Larval
C40H1.8,Increasing,Larval
C40H1.8,Increasing,Larval
cps-6,Not_Bound,Larval
C41G7.8,Increasing,Larval
lido-10,Not_Bound,Embryonic
lido-9,Not_Bound,Embryonic
C42C1.12,Increasing,Adult
tag-335,Not_Bound,Embryonic
C42D4.1,Increasing,Larval
C42D4.1,Increasing,Larval
C42D8.1,Increasing,Larval
ifp-1,Increasing,Embryonic
ifp-1,Larval,Embryonic
cogc-5,Not_Bound,Adult
tufm-2,Not_Bound,Larval
C43E11.9,Not_Bound,Larval
try-3,Not_Bound,Embryonic
trpp-12,Larval,Embryonic
trpp-12,Increasing,Embryonic
hlh-15,Not_Bound,Embryonic
C44B7.7,L3_High,Embryonic
pmp-2,Increasing,Embryonic
C44C1.1,Not_Bound,Embryonic
chil-10,Not_Bound,Adult
abhd-3.2,Increasing,Larval
abhd-3.2,Increasing,Larval
ras-1,Increasing,Embryonic
ras-1,Increasing,Embryonic
fbxc-5,Increasing,Larval
fbxc-2,Increasing,Larval
fbxc-1,Increasing,Larval
C44E12.1,Increasing,Embryonic
acbp-1,Larval,Larval
acbp-1,Increasing,Larval
C44F1.1,Increasing,Embryonic
C44F1.1,Larval,Embryonic
let-4,Not_Bound,Embryonic
sym-1,Not_Bound,Embryonic
C44H9.7,L3_High,Embryonic
C44H9.7,L3_High,Embryonic
dhs-18,Not_Bound,Embryonic
C45B2.2,Not_Bound,Larval
nhr-64,L3_High,Embryonic
nhr-64,L3_High,Embryonic
nhr-64,Larval,Embryonic
C45E5.1,L3_High,Larval
C45E5.1,Increasing,Larval
ilys-2,Not_Bound,Larval
del-7,Not_Bound,Embryonic
dsb-3,Not_Bound,Adult
slcr-46.1,Increasing,Larval
slcr-46.1,Larval,Larval
math-22,Increasing,Larval
math-24,L3_High,Embryonic
C46H11.10,Not_Bound,Embryonic
C46H11.2,Increasing,Larval
C46H11.3,Increasing,Embryonic
ddo-1,Larval,Larval
ent-4,Increasing,Larval
ent-4,Increasing,Larval
ent-4,Larval,Larval
prx-11,Not_Bound,Larval
C47D12.5,Not_Bound,Adult
cdd-1,Larval,Embryonic
cdd-1,Larval,Embryonic
dhp-2,Not_Bound,Larval
C47F8.7,Embryo_Specific,Embryonic
C47G2.4,Increasing,Embryonic
C47G2.4,L3_High,Embryonic
acox-1.5,Increasing,Larval
acox-1.5,Increasing,Larval
C48B4.3,Increasing,Embryonic
C48B6.10,Not_Bound,Larval
C48B6.2,Not_Bound,Larval
C48E7.7,Not_Bound,Adult
C49A1.10,Not_Bound,Embryonic
C49A9.2,Increasing,Larval
C49A9.3,Larval,Larval
C49A9.4,Increasing,Larval
C49A9.5,Increasing,Embryonic
C49A9.6,Increasing,Embryonic
C49A9.6,Larval,Embryonic
C49A9.9,Increasing,Larval
C49A9.9,Increasing,Larval
C49C3.10,Increasing,Larval
C49C3.11,Not_Bound,Embryonic
C49C3.4,Increasing,Larval
C49C3.4,Larval,Larval
ceh-88,L3_High,Embryonic
C49C3.9,Increasing,Adult
C49C8.1,Increasing,Adult
C49C8.2,Increasing,Embryonic
C49C8.5,Not_Bound,Larval
C49F5.7,Not_Bound,Larval
C49G7.10,L3_High,Embryonic
C49G7.10,Increasing,Embryonic
C49G7.12,Not_Bound,Embryonic
C49G7.3,Not_Bound,Larval
C49H3.9,Not_Bound,Embryonic
C50A2.3,Larval,Larval
C50A2.3,Increasing,Larval
C50A2.3,Larval,Larval
C50A2.3,Increasing,Larval
C50A2.3,Larval,Larval
C50B8.4,Larval,Embryonic
C50B8.4,Larval,Embryonic
C50B8.5,Increasing,Embryonic
C50E10.1,Not_Bound,Adult
C50F2.4,Not_Changing,Embryonic
C50F4.1,Larval,Larval
C50F4.1,Increasing,Larval
C50F4.9,Larval,Embryonic
klo-1,Increasing,Larval
acs-21,Not_Bound,Embryonic
C50H2.13,Increasing,Larval
C51E3.10,Increasing,Embryonic
cest-32,Not_Bound,Larval
cest-35.2,Not_Bound,Embryonic
C52B11.5,Increasing,Adult
C52B11.5,L3_High,Adult
ets-9,Increasing,Embryonic
coel-1,Increasing,Embryonic
coel-1,Larval,Embryonic
coel-1,Larval,Embryonic
C52B9.4,Not_Changing,Embryonic
twk-28,Increasing,Embryonic
C52D10.3,Larval,Larval
C52D10.3,L3_High,Larval
C52D10.3,L3_High,Larval
C52D10.3,Increasing,Larval
C52D10.3,L3_High,Larval
C52E2.4,Larval,Embryonic
C52E2.4,Increasing,Embryonic
C52E2.5,Larval,Embryonic
cpr-1,Larval,Larval
cpr-1,Larval,Larval
pgph-3,Increasing,Embryonic
hda-1,Not_Bound,Embryonic
bre-1,L3_High,Embryonic
mltn-12,Embryo_Specific,Embryonic
C53B7.3,Not_Bound,Embryonic
C53C11.2,Not_Bound,Larval
C53C11.5,L3_High,Embryonic
C53C11.5,Not_Changing,Embryonic
clik-2,Not_Bound,Larval
C53D6.11,L3_High,Embryonic
C53H9.2,Not_Bound,Larval
rpl-37,Not_Bound,Embryonic
C54C6.7,Increasing,Larval
clec-86,Larval,Larval
alh-10,Larval,Adult
alh-10,Increasing,Adult
lam-2,Embryo_Specific,Embryonic
C54D1.7,Embryo_Specific,Embryonic
cdr-2,Increasing,Embryonic
C54D10.13,L3_High,Embryonic
pals-39,Not_Bound,Larval
ftn-1,Increasing,Embryonic
mboa-3,L3_High,Larval
mboa-3,Larval,Larval
mboa-3,Increasing,Larval
sft-4,Increasing,Embryonic
C55A6.11,Not_Bound,Adult
C55A6.4,Not_Bound,Larval
C55A6.6,Not_Bound,Embryonic
C55A6.7,Not_Bound,Embryonic
C55B6.1,Larval,Embryonic
C55B7.3,Not_Bound,Adult
acdh-1,Not_Bound,Larval
mdt-18,Not_Bound,Adult
ilys-4,Not_Bound,Embryonic
ttr-44,Increasing,Embryonic
cav-2,Increasing,Embryonic
icd-1,Not_Bound,Larval
nhr-137,Increasing,Embryonic
nhr-137,Increasing,Embryonic
nhr-137,Increasing,Embryonic
C56E6.2,Increasing,Embryonic
C56E6.2,Larval,Embryonic
lron-15,Not_Bound,Embryonic
akap-1,Increasing,Embryonic
akap-1,L3_High,Embryonic
akap-1,Increasing,Embryonic
akap-1,Larval,Embryonic
crn-2,Not_Bound,Adult
vps-37,L3_High,Adult
pas-6,Not_Bound,Larval
zhit-1,Not_Bound,Adult
D1005.4,Not_Bound,Larval
rpl-24.1,Not_Bound,Larval
D1007.19,Larval,Larval
D1007.19,L3_High,Larval
D1007.19,Increasing,Larval
acs-22,Increasing,Embryonic
acs-22,Larval,Embryonic
acs-22,Increasing,Embryonic
snap-1,L3_High,Embryonic
snap-1,Increasing,Embryonic
D1022.3,Not_Bound,Larval
D1022.4,L3_High,Adult
D1025.1,Not_Bound,Embryonic
gcsh-1,Increasing,Larval
fbxa-141,L3_High,Embryonic
fbxa-141,L3_High,Embryonic
fbxa-141,L3_High,Embryonic
nspc-20,Not_Bound,Larval
ftn-2,Increasing,Larval
ftn-2,Larval,Larval
ftn-2,Increasing,Larval
rab-8,Not_Bound,Embryonic
D1044.1,Larval,Larval
gst-42,Not_Bound,Larval
D1053.3,Increasing,Larval
D1053.3,L3_High,Larval
D1054.1,L3_High,Embryonic
prp-38,Not_Bound,Adult
D1054.3,Not_Bound,Adult
D1054.8,Not_Bound,Larval
D2005.3,Not_Bound,Adult
D2007.1,Not_Bound,Embryonic
atg-13,Increasing,Embryonic
rab-39,Not_Changing,Embryonic
ttll-12,Not_Bound,Larval
D2021.4,Increasing,Embryonic
D2021.4,Increasing,Embryonic
D2023.1,Not_Bound,Embryonic
pyc-1,Increasing,Larval
pyc-1,Increasing,Larval
pyc-1,Increasing,Larval
pyc-1,Increasing,Larval
D2023.4,Increasing,Larval
D2023.4,Increasing,Larval
mpst-1,Not_Bound,Adult
D2024.5,Not_Bound,Embryonic
aex-1,Increasing,Embryonic
D2030.4,Not_Bound,Adult
mce-1,Increasing,Embryonic
prg-1,Not_Bound,Adult
D2045.8,Increasing,Embryonic
D2045.9,Not_Bound,Embryonic
rsp-7,L3_High,Adult
gbh-1,L3_High,Adult
praf-3,Not_Bound,Embryonic
D2096.7,Not_Bound,Adult
D2096.9,Not_Bound,Embryonic
lec-12,L3_High,Embryonic
lec-12,L3_High,Embryonic
lec-12,Increasing,Embryonic
DC2.5,Increasing,Embryonic
DH11.2,Larval,Larval
DH11.5,L3_High,Embryonic
tin-13,Not_Changing,Adult
poml-2,Not_Bound,Larval
E01G4.3,L3_High,Embryonic
E01G4.3,Increasing,Embryonic
E01G4.3,Increasing,Embryonic
E01G4.3,Increasing,Embryonic
cest-3,Larval,Embryonic
cest-3,Increasing,Embryonic
pkc-2,Larval,Embryonic
pkc-2,Not_Changing,Embryonic
pkc-2,Increasing,Embryonic
pkc-2,L3_High,Embryonic
pkc-2,Increasing,Embryonic
pkc-2,Larval,Embryonic
pkc-2,Increasing,Embryonic
ttr-49,Increasing,Larval
E02C12.6,Not_Bound,Larval
E02H1.1,Increasing,Embryonic
E02H1.6,Increasing,Larval
E02H4.4,Not_Bound,Embryonic
E02H9.3,L3_High,Larval
E02H9.3,L3_High,Larval
cyp-43A1,L3_High,Larval
cyp-43A1,Larval,Larval
mrp-3,Increasing,Larval
clec-17,Increasing,Embryonic
E03H4.8,Not_Bound,Embryonic
tctn-1,Increasing,Embryonic
tctn-1,Increasing,Embryonic
cyc-2.1,L3_High,Embryonic
rpl-20,Not_Bound,Larval
E04D5.4,Increasing,Larval
E04F6.15,Not_Bound,Larval
maoc-1,L3_High,Embryonic
E04F6.4,Not_Bound,Embryonic
acdh-12,Larval,Larval
acdh-12,Larval,Larval
dhs-7,Increasing,Larval
E04F6.8,Not_Bound,Larval
EEED8.2,Not_Changing,Embryonic
EEED8.2,L3_High,Embryonic
fut-2,Increasing,Embryonic
ugt-44,Larval,Larval
ugt-44,Increasing,Larval
F01D4.5,L3_High,Adult
F01D4.5,Not_Changing,Adult
F01D5.1,Larval,Larval
F01D5.10,Not_Bound,Embryonic
F01D5.2,Not_Bound,Adult
F01D5.3,Larval,Larval
F01D5.5,Larval,Larval
F01D5.5,Increasing,Larval
cyp-37A1,Increasing,Larval
cyp-37A1,Increasing,Larval
aldo-2,Increasing,Larval
F01F1.15,Increasing,Embryonic
F01F1.2,Not_Bound,Larval
cct-6,Increasing,Larval
dnpp-1,L3_High,Larval
tkt-1,Increasing,Larval
ech-8,Larval,Embryonic
ech-8,L3_High,Embryonic
ech-9,Increasing,Larval
ech-9,Increasing,Larval
swsn-4,Increasing,Embryonic
pigq-1,Increasing,Adult
F01G4.6,Not_Bound,Larval
far-2,Not_Bound,Larval
cyp-13B1,Increasing,Embryonic
F02E11.2,Not_Bound,Larval
F02E9.1,L3_High,Embryonic
F02E9.5,Not_Bound,Embryonic
ncam-1,Embryo_Specific,Embryonic
gfat-1,L3_High,Adult
F07A11.4,Larval,Embryonic
F07A11.4,Increasing,Embryonic
F07A11.5,L3_High,Larval
F07A11.5,Increasing,Larval
scav-6,Larval,Embryonic
scav-6,Larval,Embryonic
cln-3.1,L3_High,Adult
F07C3.9,Not_Bound,Larval
clec-45,Not_Bound,Larval
pin-2,L3_High,Embryonic
pin-2,Increasing,Embryonic
F07C6.2,Not_Bound,Adult
F07C6.6,Not_Bound,Adult
rpl-11.2,L3_High,Embryonic
rpl-11.2,L3_High,Embryonic
fbxa-52,Not_Bound,Embryonic
fbxa-53,Larval,Embryonic
F07H5.13,Increasing,Embryonic
F07H5.13,Increasing,Embryonic
F07H5.13,Increasing,Embryonic
F07H5.6,Not_Bound,Embryonic
pho-13,Larval,Larval
acox-1.1,L3_High,Larval
acox-1.2,Larval,Larval
acox-1.4,Larval,Larval
prx-12,L3_High,Embryonic
prx-12,Increasing,Embryonic
cdh-5,L3_High,Embryonic
F08B6.1,Not_Bound,Embryonic
gpc-2,Not_Bound,Embryonic
sto-1,Not_Bound,Embryonic
apy-1,Increasing,Larval
apy-1,Increasing,Larval
F08F1.3,L3_High,Embryonic
F08F1.4,Not_Bound,Adult
spp-13,Not_Bound,Embryonic
cyp-14A5,Not_Bound,Larval
inx-2,L3_High,Embryonic
vhl-1,Not_Bound,Larval
F08G2.4,Not_Bound,Embryonic
F08G2.5,Larval,Embryonic
F08G5.3,Increasing,Embryonic
ugt-65,Increasing,Larval
ugt-65,L3_High,Larval
irg-4,Increasing,Larval
clec-57,Increasing,Larval
clec-57,Larval,Larval
clec-56,Increasing,Adult
clec-56,Larval,Adult
clec-54,Larval,Larval
spin-3,Larval,Larval
F09A5.2,Larval,Embryonic
F09A5.2,Larval,Embryonic
ttr-34,Increasing,Embryonic
dhhc-1,Increasing,Embryonic
F09B12.3,Larval,Larval
F09B12.3,Increasing,Larval
flr-4,Increasing,Embryonic
oac-14,L3_High,Larval
oac-14,Larval,Larval
erd-2.1,L3_High,Larval
F09B9.5,Not_Bound,Embryonic
F09C8.1,Larval,Larval
F09C8.1,Increasing,Larval
F09C8.1,Increasing,Larval
F09C8.1,Larval,Larval
F09C8.1,Increasing,Larval
F09C8.1,L3_High,Larval
dhs-25,Increasing,Larval
dhs-25,Increasing,Larval
F09E5.11,L3_High,Embryonic
F09E5.3,Not_Bound,Larval
F09E5.8,L3_High,Larval
ttr-21,Not_Bound,Embryonic
cpt-5,Not_Bound,Larval
hach-1,Not_Bound,Larval
F09F7.5,Increasing,Embryonic
F09F7.5,Increasing,Embryonic
nmad-1,Increasing,Embryonic
nmad-1,L3_High,Embryonic
F09F9.2,Not_Bound,Embryonic
clec-160,Not_Bound,Larval
mps-4,Not_Bound,Embryonic
F10A3.17,Not_Bound,Embryonic
fbxa-18,Not_Bound,Larval
rrf-3,Not_Bound,Adult
dmd-5,Increasing,Embryonic
ifb-2,Larval,Larval
ifb-2,Larval,Larval
ifb-2,Larval,Larval
ifb-2,Increasing,Larval
F10C1.8,Increasing,Embryonic
F10C1.9,Increasing,Larval
F10C1.9,Larval,Larval
kup-1,L3_High,Adult
mat-3,Not_Bound,Adult
F10D11.5,Not_Bound,Adult
F10D2.10,Not_Bound,Embryonic
fat-7,Not_Bound,Adult
F10D7.3,Increasing,Larval
rpl-33,L3_High,Embryonic
F10E9.12,Increasing,Larval
F10E9.5,Not_Bound,Adult
F10G2.1,Not_Bound,Larval
clec-7,Not_Bound,Larval
ttr-41,Increasing,Embryonic
tsn-1,Increasing,Larval
unc-85,Increasing,Adult
ncs-2,Not_Bound,Embryonic
acs-14,Larval,Larval
acs-14,Increasing,Larval
glc-1,Increasing,Larval
stdh-2,Not_Bound,Larval
scrm-4,Increasing,Embryonic
F11C1.1,Not_Bound,Embryonic
scav-4,Increasing,Larval
scav-4,Increasing,Larval
scav-4,Larval,Larval
vwa-8,Increasing,Adult
vwa-8,Larval,Adult
vwa-8,Larval,Adult
F11D11.3,Not_Bound,Embryonic
gba-3,Not_Changing,Embryonic
F11E6.3,Not_Bound,Larval
elo-2,Increasing,Larval
F11E6.6,Increasing,Larval
F11E6.9,Not_Bound,Embryonic
F11F1.1,Not_Bound,Larval
ttr-52,Not_Bound,Embryonic
gst-6,Increasing,Larval
F11G11.5,Not_Changing,Embryonic
rfl-1,L3_High,Adult
cyk-1,Increasing,Embryonic
F12A10.1,Not_Bound,Larval
slc-17.6,Increasing,Larval
slc-17.6,Increasing,Larval
slc-17.6,Increasing,Larval
slc-17.6,Increasing,Larval
F13A7.11,Increasing,Embryonic
tir-1,Larval,Embryonic
tir-1,Larval,Embryonic
tir-1,Larval,Embryonic
tir-1,Larval,Embryonic
tir-1,Increasing,Embryonic
tir-1,Increasing,Embryonic
tir-1,L3_High,Embryonic
tir-1,Increasing,Embryonic
tir-1,L3_High,Embryonic
tir-1,Not_Changing,Embryonic
F13B12.2,Increasing,Embryonic
F13B6.2,Not_Bound,Larval
F13C5.2,L3_High,Embryonic
acp-5,Increasing,Embryonic
F13D11.4,L3_High,Embryonic
F13D11.4,Larval,Embryonic
F13D11.4,Larval,Embryonic
F13D12.8,Increasing,Embryonic
phf-31,Increasing,Adult
phf-31,Increasing,Adult
F13E9.13,L3_High,Larval
dmd-6,L3_High,Embryonic
dmd-6,L3_High,Embryonic
dmd-6,L3_High,Embryonic
dmd-6,Increasing,Embryonic
dmd-6,Larval,Embryonic
dmd-6,Increasing,Embryonic
dmd-6,L3_High,Embryonic
dmd-6,Increasing,Embryonic
F13G3.10,Increasing,Larval
F13G3.7,Not_Bound,Embryonic
bcl-11,Increasing,Embryonic
bcl-11,Increasing,Embryonic
bcl-11,Increasing,Embryonic
bcl-11,Larval,Embryonic
bcl-11,Increasing,Embryonic
F13H8.1,Increasing,Embryonic
F13H8.1,Larval,Embryonic
F13H8.11,Larval,Larval
nmgp-1,Larval,Embryonic
hxk-1,Increasing,Adult
hxk-1,Increasing,Adult
hxk-1,Increasing,Adult
rpoa-2,Not_Bound,Adult
F14B6.6,L3_High,Embryonic
sid-5,Increasing,Embryonic
sid-5,Increasing,Embryonic
sid-5,Increasing,Embryonic
F14B8.4,Not_Bound,Adult
F14B8.5,Increasing,Embryonic
F14B8.5,Larval,Embryonic
F14B8.6,Increasing,Embryonic
otpl-3,Larval,Embryonic
otpl-3,Increasing,Embryonic
lips-10,Increasing,Embryonic
mboa-7,Increasing,Adult
F14F3.5,Not_Bound,Larval
F14H3.12,Larval,Larval
drh-1,Increasing,Adult
drh-1,L3_High,Adult
drh-1,Increasing,Adult
F15B10.3,Not_Bound,Embryonic
far-3,Not_Bound,Embryonic
try-10,Increasing,Adult
try-10,Larval,Adult
pud-2.1,Increasing,Larval
pud-4,Increasing,Larval
pud-3,Larval,Larval
F15E6.3,Not_Bound,Embryonic
F15E6.6,Not_Bound,Larval
F15G9.1,L3_High,Embryonic
tag-314,Not_Bound,Adult
nhr-117,Larval,Embryonic
F16B4.4,Not_Bound,Larval
F16F9.4,Increasing,Embryonic
nhr-45,Increasing,Embryonic
nhr-45,L3_High,Embryonic
nhr-45,Increasing,Embryonic
clec-42,Larval,Embryonic
F16H6.7,Not_Bound,Larval
ceh-40,Embryo_Specific,Embryonic
F17A9.5,L3_High,Larval
F17B5.8,Not_Changing,Embryonic
F17C11.11,Larval,Larval
F17C11.11,Increasing,Larval
F17C11.13,Increasing,Larval
F17C11.4,Increasing,Embryonic
F17C11.6,Increasing,Embryonic
eef-1G,Not_Bound,Larval
F17E9.4,Not_Bound,Adult
F17H10.2,Not_Bound,Embryonic
snx-17,Increasing,Embryonic
snx-17,L3_High,Embryonic
F18A11.3,Not_Bound,Adult
nep-8,Increasing,Adult
papl-1,Not_Bound,Larval
F18E3.12,Not_Bound,Adult
F18E3.13,Not_Bound,Adult
ddo-2,Larval,Larval
pxmp-4,Increasing,Embryonic
F18F11.4,Not_Bound,Larval
F18H3.1,Increasing,Adult
F19B2.5,Increasing,Larval
F19B2.5,Larval,Larval
F19B2.5,Increasing,Larval
F19C6.5,L3_High,Embryonic
F19C6.5,Embryo_Specific,Embryonic
F19C7.1,Increasing,Larval
F19C7.1,Increasing,Larval
F19C7.2,Increasing,Larval
F19F10.3,Not_Bound,Larval
F19H6.6,Not_Bound,Larval
tps-2,Larval,Embryonic
tps-2,Increasing,Embryonic
tps-2,Increasing,Embryonic
tps-2,Increasing,Embryonic
tps-2,Increasing,Embryonic
txt-17,Not_Bound,Embryonic
F20B10.3,Not_Bound,Embryonic
klp-11,Increasing,Embryonic
klp-11,Larval,Embryonic
klp-11,Not_Changing,Embryonic
cdc-50.B,Not_Bound,Embryonic
F20D1.1,L3_High,Larval
F20D1.3,L3_High,Embryonic
slc-25A18.1,Not_Bound,Embryonic
F20D6.11,Increasing,Embryonic
F20D6.5,Larval,Larval
F20E11.17,Not_Bound,Embryonic
F20G2.5,Larval,Embryonic
F20H11.1,L3_High,Adult
F21A3.2,Not_Bound,Larval
F21A9.1,Increasing,Embryonic
F21A9.2,Increasing,Embryonic
F21C10.10,Increasing,Adult
F21C10.10,Increasing,Adult
F21C10.11,Not_Bound,Larval
hint-1,Not_Bound,Larval
pfd-6,Increasing,Embryonic
F21D5.1,L3_High,Adult
F21D5.3,Increasing,Larval
F21D5.3,Increasing,Larval
mrps-33,Not_Bound,Embryonic
ttr-37,Larval,Embryonic
ttr-37,Larval,Embryonic
ttr-37,Larval,Embryonic
ttr-37,Increasing,Embryonic
F21F3.6,Increasing,Embryonic
F21F3.6,Increasing,Embryonic
F21F3.6,Increasing,Embryonic
F21F3.6,Increasing,Embryonic
slc-17.5,Larval,Larval
slc-17.5,Larval,Larval
slc-17.5,Larval,Larval
asp-5,Increasing,Larval
asp-5,Larval,Larval
asp-5,Increasing,Larval
asp-12,Larval,Larval
asp-6,Increasing,Larval
asp-6,Increasing,Larval
F21G4.1,Increasing,Larval
mrp-4,Not_Bound,Adult
F21H12.7,Not_Bound,Embryonic
gst-22,Increasing,Larval
ets-4,Increasing,Embryonic
ets-4,Increasing,Embryonic
ets-4,Increasing,Embryonic
ets-4,Larval,Embryonic
evl-20,Not_Bound,Embryonic
dnj-10,L3_High,Adult
F22B7.9,Increasing,Adult
F22B7.9,Increasing,Adult
F22B7.9,L3_High,Adult
cth-1,Not_Bound,Embryonic
F22B8.7,L3_High,Larval
gly-19,Increasing,Embryonic
nars-1,Increasing,Larval
nars-1,L3_High,Larval
nars-1,Increasing,Larval
nduf-6,Not_Bound,Larval
cept-1,Increasing,Larval
chw-1,Not_Bound,Embryonic
F22E5.1,Not_Bound,Embryonic
F22E5.6,Not_Bound,Embryonic
F22F7.7,Increasing,Embryonic
F22F7.7,L3_High,Embryonic
F22F7.7,Increasing,Embryonic
pals-14,Increasing,Larval
F22H10.2,L3_High,Larval
F22H10.2,Increasing,Larval
F22H10.3,Increasing,Larval
F22H10.3,Increasing,Larval
F23B12.4,Not_Bound,Larval
pcp-3,Increasing,Embryonic
F23C8.5,L3_High,Larval
jmjd-3.2,Not_Bound,Embryonic
F23H11.5,Increasing,Embryonic
crls-1,Not_Bound,Larval
snb-2,L3_High,Larval
F23H12.3,Increasing,Embryonic
F23H12.3,Larval,Embryonic
F25A2.1,Larval,Larval
gcst-1,L3_High,Larval
F25B4.4,Larval,Embryonic
F25B4.7,Increasing,Adult
F25B4.8,Increasing,Embryonic
F25B4.8,Increasing,Embryonic
F25B4.8,Increasing,Embryonic
F25B4.8,Increasing,Embryonic
clec-1,Not_Bound,Larval
F25B5.3,Increasing,Larval
F25B5.3,Increasing,Larval
F25B5.5,Increasing,Adult
F25B5.6,Larval,Adult
F25B5.6,Increasing,Adult
amx-3,Not_Bound,Embryonic
cup-2,Not_Bound,Adult
F25E2.2,Increasing,Adult
F25E2.3,Larval,Embryonic
ifd-2,Larval,Embryonic
ifd-2,Increasing,Embryonic
F25E5.8,Larval,Larval
slc-17.8,Not_Bound,Embryonic
tli-1,L3_High,Embryonic
tct-1,Not_Bound,Larval
F25H2.12,Increasing,Larval
ndk-1,Increasing,Larval
pas-5,Not_Bound,Larval
lim-9,Larval,Embryonic
F25H8.1,L3_High,Adult
F25H8.1,L3_High,Adult
frm-10,Increasing,Adult
frm-10,Larval,Adult
F25H9.6,Increasing,Adult
F25H9.7,Increasing,Adult
F26A3.4,Increasing,Larval
F26A3.4,Larval,Larval
F26A3.4,Increasing,Larval
F26A3.4,Increasing,Larval
F26A3.4,L3_High,Larval
F26A3.4,Increasing,Larval
F26B1.1,Not_Bound,Embryonic
F26C11.1,Increasing,Larval
F26C11.1,L3_High,Larval
lhfp-4,Not_Bound,Embryonic
let-413,Increasing,Embryonic
F26D11.12,Larval,Larval
F26D11.2,Not_Bound,Embryonic
pals-34,Increasing,Embryonic
gpx-1,Increasing,Embryonic
F26E4.4,Increasing,Adult
cox-7C,Not_Bound,Larval
cox-5B,L3_High,Larval
cox-5B,Increasing,Larval
rpb-8,Not_Changing,Adult
F26F4.2,Not_Bound,Adult
F26F4.6,Not_Bound,Embryonic
F26F4.9,Not_Bound,Adult
F26G1.10,Larval,Embryonic
F26G1.11,Larval,Embryonic
kbp-3,Not_Bound,Adult
exl-1,Increasing,Adult
uggt-2,Increasing,Adult
uggt-2,Increasing,Adult
spp-18,Larval,Larval
F27D4.1,L3_High,Larval
F27D9.2,Not_Bound,Larval
asah-2,Not_Bound,Larval
acdh-9,Larval,Larval
asp-13,L3_High,Larval
asp-13,Increasing,Larval
asp-13,Increasing,Larval
asp-13,Increasing,Larval
egl-44,Increasing,Embryonic
egl-44,Increasing,Embryonic
egl-44,Increasing,Embryonic
egl-44,Increasing,Embryonic
egl-44,Larval,Embryonic
egl-44,Increasing,Embryonic
F28B3.6,Not_Bound,Larval
F28B4.3,Increasing,Larval
F28B4.3,Larval,Larval
F28B4.3,Increasing,Larval
F28B4.3,Increasing,Larval
F28B4.3,Larval,Larval
F28B4.4,Not_Bound,Embryonic
F28C6.8,Not_Bound,Adult
atz-1,Increasing,Embryonic
F28E10.1,Not_Bound,Embryonic
F28F5.6,Increasing,Larval
F28F5.6,Larval,Larval
acs-2,Increasing,Larval
acs-2,Increasing,Larval
acs-2,Larval,Larval
lsm-5,Not_Bound,Larval
cyp-37B1,Increasing,Embryonic
F28H7.3,Increasing,Larval
F28H7.3,Increasing,Larval
F29A7.6,Larval,Adult
F29B9.1,Not_Bound,Adult
mrps-21,Not_Bound,Adult
F29B9.11,Larval,Larval
jmjd-1.2,L3_High,Embryonic
F29B9.5,Not_Bound,Embryonic
pqn-32,Not_Bound,Embryonic
cox-6C,L3_High,Larval
cox-6C,L3_High,Larval
hpo-34,Increasing,Larval
hpo-34,Increasing,Larval
hpo-34,Larval,Larval
hpo-34,Increasing,Larval
hpo-34,Increasing,Larval
aps-1,Not_Bound,Adult
calm-1,Not_Bound,Embryonic
F30A10.2,Not_Bound,Embryonic
F30A10.3,Increasing,Embryonic
stl-1,Not_Bound,Larval
gras-1,Increasing,Adult
F30F8.5,Not_Bound,Embryonic
npr-33,Not_Bound,Embryonic
exos-7,Not_Bound,Embryonic
F31D4.8,Increasing,Adult
F31D4.8,Not_Changing,Adult
F31E8.4,L3_High,Embryonic
nhr-180,Larval,Embryonic
fbxa-72,Not_Bound,Adult
F31F7.1,Increasing,Larval
F31F7.1,Increasing,Larval
aqp-1,Increasing,Larval
aqp-1,Increasing,Larval
aqp-1,Larval,Larval
prx-13,Larval,Embryonic
F32A5.8,Increasing,Embryonic
eva-1,Not_Bound,Embryonic
aex-5,Larval,Larval
aex-5,Increasing,Larval
cpz-1,Larval,Larval
cpz-1,Increasing,Larval
cpz-1,Larval,Larval
mccc-1,Not_Bound,Larval
sss-1,Not_Bound,Adult
F32D8.11,Increasing,Larval
F32D8.3,Not_Bound,Embryonic
F32D8.4,L3_High,Adult
F32D8.5,Not_Bound,Adult
sec-61.G,Increasing,Embryonic
F32E10.8,Not_Bound,Embryonic
cat-4,Larval,Larval
F32H5.1,Larval,Larval
let-858,L3_High,Adult
F33A8.10,Not_Bound,Embryonic
dhhc-3,L3_High,Adult
dhhc-3,Larval,Adult
gpaa-1,Increasing,Adult
nhr-8,Increasing,Embryonic
mrpl-1,L3_High,Adult
F33H2.3,L3_High,Adult
F33H2.6,Increasing,Larval
F34D10.4,Not_Bound,Adult
F35B12.10,Increasing,Embryonic
F35B12.10,Increasing,Embryonic
F35B12.10,Larval,Embryonic
dhs-20,Increasing,Larval
nlp-24,Not_Bound,Embryonic
clec-62,Increasing,Larval
clec-63,Increasing,Larval
clec-63,Larval,Larval
clec-64,Increasing,Larval
clec-65,Increasing,Larval
clec-66,Increasing,Larval
sek-4,Increasing,Embryonic
F35C8.5,Increasing,Larval
F35C8.5,Larval,Larval
pfn-2,Increasing,Embryonic
pfn-2,Increasing,Embryonic
F35D11.3,L3_High,Larval
irg-5,Increasing,Larval
F35E12.6,Larval,Larval
F35E12.6,Larval,Larval
dct-17,Increasing,Larval
cld-9,Increasing,Embryonic
F35E12.9,Increasing,Embryonic
F35E12.9,Increasing,Embryonic
cdr-1,L3_High,Embryonic
nhr-108,L3_High,Embryonic
gst-38,Larval,Embryonic
F35F11.2,Not_Bound,Adult
erh-2,Not_Bound,Adult
F35G12.12,Not_Bound,Larval
F35G12.7,Not_Bound,Adult
marb-1,Increasing,Larval
F35H10.3,Not_Bound,Embryonic
F35H10.6,Not_Bound,Adult
zfp-2,L3_High,Adult
exc-7,Not_Bound,Embryonic
F36A2.2,Not_Bound,Adult
F36A2.3,Not_Bound,Larval
F36A2.7,L3_High,Adult
phip-1,Not_Bound,Larval
F36A2.9,Not_Bound,Adult
ttr-20,Not_Bound,Embryonic
F36D1.7,Not_Bound,Larval
cpr-2,Not_Bound,Embryonic
F36F2.1,Not_Bound,Embryonic
F36F2.7,Not_Bound,Embryonic
F36G3.2,Larval,Larval
F36G3.2,L3_High,Larval
oac-20,Larval,Adult
fkb-1,L3_High,Embryonic
hrg-6,Increasing,Embryonic
hrg-4,Not_Bound,Larval
alh-3,Increasing,Embryonic
alh-3,Embryo_Specific,Embryonic
alh-3,L3_High,Embryonic
nlp-47,Not_Bound,Embryonic
gst-24,Not_Bound,Embryonic
F37B12.3,Not_Bound,Adult
ifc-1,Larval,Larval
ifc-1,Larval,Larval
F37C12.10,Not_Bound,Larval
rps-21,Not_Bound,Larval
epg-4,Increasing,Embryonic
rpl-36,Not_Bound,Embryonic
rps-14,Not_Bound,Larval
F37C4.6,Increasing,Larval
F37C4.6,Increasing,Larval
bigr-1,Increasing,Embryonic
bigr-1,L3_High,Embryonic
bigr-1,Increasing,Embryonic
F37H8.5,Not_Bound,Larval
clec-165,Larval,Larval
clec-169,Larval,Larval
clec-167,Larval,Embryonic
clec-166,Increasing,Larval
F38A1.6,Not_Bound,Embryonic
F38A1.8,L3_High,Adult
F38A1.9,Not_Bound,Larval
sup-36,Not_Bound,Embryonic
pha-4,Increasing,Embryonic
pha-4,L3_High,Embryonic
pha-4,Larval,Embryonic
pha-4,Embryo_Specific,Embryonic
hif-1,Increasing,Embryonic
hif-1,Increasing,Embryonic
hif-1,Increasing,Embryonic
F38B2.4,L3_High,Larval
F38B6.4,Increasing,Larval
F38B7.3,L3_High,Adult
mpdu-1,L3_High,Adult
F39B2.3,Not_Bound,Adult
rps-26,L3_High,Larval
btb-17,Increasing,Larval
btb-16,Larval,Larval
ugt-61,L3_High,Larval
F39G3.2,L3_High,Embryonic
F39G3.5,Not_Bound,Embryonic
prx-6,L3_High,Embryonic
prx-6,Increasing,Embryonic
pbs-7,Not_Bound,Larval
F40A3.1,Increasing,Embryonic
F40A3.1,Larval,Embryonic
F40A3.1,Increasing,Embryonic
F40D4.12,Increasing,Larval
mage-1,Not_Bound,Larval
F40F11.4,Not_Bound,Adult
cbp-3,Larval,Larval
cbp-3,Larval,Larval
cbp-3,Increasing,Larval
lbp-2,Not_Bound,Larval
lbp-3,Increasing,Embryonic
irg-7,Larval,Larval
irg-7,Increasing,Larval
irg-7,Increasing,Larval
rps-9,L3_High,Embryonic
F40F8.4,Not_Bound,Larval
pqm-1,Increasing,Embryonic
pqm-1,Increasing,Embryonic
F40F9.10,Increasing,Embryonic
F40F9.10,Increasing,Embryonic
F40F9.3,Not_Bound,Adult
aqp-4,Increasing,Embryonic
aqp-4,Increasing,Embryonic
aqp-4,Increasing,Embryonic
sec-20,Increasing,Adult
F40G9.5,Increasing,Embryonic
F40G9.5,L3_High,Embryonic
F40G9.6,Not_Changing,Embryonic
F40H6.1,Not_Bound,Adult
F41B4.3,Not_Bound,Embryonic
acs-11,Increasing,Larval
acs-11,Not_Changing,Larval
acs-11,Increasing,Larval
F41C6.7,Increasing,Embryonic
F41C6.7,Increasing,Embryonic
wrk-1,L3_High,Embryonic
wrk-1,Increasing,Embryonic
F41E6.5,L3_High,Adult
vps-60,Increasing,Adult
fipr-21,Not_Bound,Larval
cnc-8,Not_Bound,Larval
F41F3.3,Not_Bound,Embryonic
F41G3.6,Not_Bound,Adult
elo-5,Larval,Larval
elo-6,Increasing,Larval
F42A10.6,Larval,Larval
F42A10.7,Increasing,Larval
F42A10.7,Larval,Larval
F42A10.9,Increasing,Larval
F42A10.9,Increasing,Larval
F42A10.9,L3_High,Larval
sdhb-1,Not_Bound,Larval
F42A9.6,Not_Bound,Adult
ifo-1,L3_High,Embryonic
ifo-1,Increasing,Embryonic
ifo-1,Increasing,Embryonic
tatn-1,Increasing,Larval
tatn-1,L3_High,Larval
tni-1,Not_Bound,Embryonic
F42F12.3,Increasing,Larval
F42G2.2,Increasing,Larval
fbxa-182,L3_High,Adult
fbxa-182,Larval,Adult
fbxa-4,Larval,Larval
fbxa-4,Increasing,Larval
fbxa-4,Increasing,Larval
F42G4.5,Increasing,Larval
F42G4.5,Larval,Larval
F42G4.5,Larval,Larval
sph-1,Increasing,Embryonic
sph-1,L3_High,Embryonic
alh-11,L3_High,Larval
F42H10.2,Not_Bound,Adult
tag-343,Larval,Embryonic
tag-343,Larval,Embryonic
tag-343,Larval,Embryonic
tag-343,Increasing,Embryonic
tag-343,Larval,Embryonic
tag-343,Larval,Embryonic
tag-343,Increasing,Embryonic
zhit-2,Not_Bound,Adult
nhr-20,Increasing,Embryonic
F43C11.7,Increasing,Larval
F43C11.7,Larval,Larval
F43C9.1,Larval,Larval
F43C9.1,Increasing,Larval
F43C9.1,Increasing,Larval
ccnk-1,Not_Bound,Adult
sip-1,L3_High,Adult
msra-1,Increasing,Embryonic
mtch-1,L3_High,Larval
hsp-4,Increasing,Adult
hsp-4,Larval,Adult
slc-25A42,Not_Bound,Embryonic
cpn-1,Not_Bound,Larval
ech-3,Larval,Embryonic
sptl-2,Larval,Larval
sptl-2,Increasing,Larval
sptl-2,Larval,Larval
sptl-2,Larval,Larval
tag-153,Not_Bound,Adult
F44A2.5,Not_Bound,Embryonic
F44B9.10,Not_Bound,Embryonic
cpr-4,Increasing,Larval
cpr-4,Increasing,Larval
cpr-4,Increasing,Larval
nhr-96,Not_Bound,Embryonic
nhr-133,L3_High,Embryonic
F44D12.2,Not_Bound,Embryonic
F44E2.4,Not_Bound,Embryonic
F44E2.6,Not_Bound,Embryonic
F44E2.9,Increasing,Embryonic
F44E5.4,Increasing,Embryonic
F44E5.5,Increasing,Embryonic
F44E5.5,Increasing,Embryonic
pgph-2,Increasing,Adult
pgph-2,Increasing,Adult
pgph-2,Larval,Adult
F44E7.9,L3_High,Adult
F44G3.10,Not_Bound,Embryonic
argk-1,Not_Bound,Larval
skr-3,Increasing,Embryonic
F44G4.1,Not_Bound,Embryonic
btb-9,Increasing,Larval
F45D3.2,Increasing,Larval
F45D3.3,Not_Bound,Larval
F45D3.4,Not_Bound,Larval
F45E1.4,Increasing,Larval
sdpn-1,Increasing,Embryonic
sdpn-1,Increasing,Embryonic
mrpl-14,L3_High,Larval
arf-1.1,Increasing,Adult
atf-6,Increasing,Embryonic
F45F2.11,L3_High,Adult
F45F2.9,Not_Bound,Adult
F45G2.10,Not_Bound,Adult
F45H10.2,Not_Bound,Embryonic
drr-1,Increasing,Embryonic
drr-1,Increasing,Embryonic
F45H10.5,Not_Bound,Embryonic
gei-1,Increasing,Embryonic
gei-1,Not_Changing,Embryonic
gei-1,L3_High,Embryonic
skr-1,L3_High,Embryonic
lipl-2,Larval,Larval
lipl-2,Increasing,Larval
F46C5.6,Not_Bound,Embryonic
F46C5.7,Not_Bound,Embryonic
rer-1,Not_Changing,Embryonic
rer-1,Larval,Embryonic
F46C8.1,Not_Bound,Embryonic
mdh-1,Increasing,Larval
F46E10.2,Not_Bound,Embryonic
ubh-1,Not_Bound,Embryonic
dpy-11,Increasing,Larval
F46F2.3,Not_Bound,Larval
F46G10.1,Larval,Larval
F46G10.1,Larval,Larval
F46G10.1,Increasing,Larval
F46G10.4,Increasing,Larval
ptr-24,Increasing,Larval
ptr-24,Larval,Larval
ptr-24,Increasing,Larval
ptr-24,Larval,Larval
mxl-3,Increasing,Larval
mxl-3,Increasing,Larval
mxl-3,Larval,Larval
mxl-3,Increasing,Larval
mxl-3,Larval,Larval
sir-2.2,Larval,Embryonic
sir-2.2,Increasing,Embryonic
twnk-1,Not_Bound,Embryonic
gakh-1,Increasing,Embryonic
acbp-3,L3_High,Embryonic
F47B7.1,Increasing,Embryonic
F47B7.1,Increasing,Embryonic
F47B8.8,Not_Bound,Larval
F47D12.3,Increasing,Embryonic
hmg-1.2,Larval,Embryonic
hmg-1.2,Increasing,Embryonic
F47D12.6,Not_Bound,Embryonic
smd-1,Larval,Adult
smd-1,L3_High,Adult
smd-1,Increasing,Adult
skr-5,Not_Bound,Larval
F48C1.5,Not_Bound,Adult
nlp-3,Not_Bound,Embryonic
F48D6.4,Increasing,Embryonic
F48D6.4,Increasing,Embryonic
F48D6.4,Larval,Embryonic
uggt-1,L3_High,Larval
lon-1,Not_Bound,Larval
arrd-24,Increasing,Embryonic
pals-31,L3_High,Embryonic
F48G7.5,Increasing,Embryonic
F48G7.8,Not_Bound,Larval
clec-31,Larval,Larval
clec-31,Increasing,Larval
clec-28,Not_Bound,Larval
clec-32,Not_Bound,Embryonic
F49C12.11,Not_Bound,Adult
F49C12.12,Not_Bound,Embryonic
vha-17,L3_High,Embryonic
F49C12.14,Increasing,Larval
F49C12.6,Not_Bound,Embryonic
F49C12.7,Increasing,Larval
F49C5.11,Not_Bound,Larval
cpn-4,Not_Bound,Larval
scl-2,Larval,Larval
scl-2,Increasing,Larval
F49E12.10,Increasing,Embryonic
F49E12.10,Increasing,Embryonic
dod-23,Not_Bound,Adult
efl-3,Larval,Embryonic
efl-3,L3_High,Embryonic
efl-3,Larval,Embryonic
drd-1,Larval,Larval
drd-1,Increasing,Larval
pigx-1,L3_High,Embryonic
pigx-1,L3_High,Embryonic
pigx-1,L3_High,Embryonic
nprl-2,Larval,Larval
drd-50,Increasing,Larval
drd-50,Increasing,Larval
F49F1.5,Larval,Larval
mul-1,Larval,Embryonic
mul-1,Larval,Embryonic
F49F1.7,Larval,Larval
F52A8.1,Not_Bound,Embryonic
kbrl-1,L3_High,Embryonic
kbrl-1,Larval,Embryonic
F52B11.2,Increasing,Embryonic
F52B5.2,Not_Bound,Adult
rpl-25.2,L3_High,Larval
tsen-54,Not_Bound,Adult
denn-4,Not_Bound,Embryonic
F52D1.2,Increasing,Embryonic
F52D1.2,Larval,Embryonic
pos-1,Increasing,Embryonic
F52E1.14,Larval,Larval
F52E1.5,Not_Bound,Embryonic
hsp-17,Increasing,Larval
hsp-17,Increasing,Larval
wrt-2,Larval,Embryonic
strl-1,Not_Bound,Adult
rsd-2,Not_Bound,Adult
F52H2.5,L3_High,Embryonic
dhcr-24,Not_Bound,Embryonic
bath-38,L3_High,Embryonic
ttc-36,Larval,Embryonic
F52H3.6,Increasing,Adult
nud-1,L3_High,Larval
dro-1,Not_Bound,Adult
F53A9.1,Increasing,Larval
kreg-1,Increasing,Embryonic
F53A9.6,Larval,Larval
F53A9.6,Increasing,Larval
F53A9.6,Increasing,Larval
F53A9.8,Larval,Larval
F53B1.2,Not_Bound,Embryonic
F53B2.8,Increasing,Larval
F53B3.5,Not_Bound,Embryonic
fipr-26,Not_Bound,Embryonic
isy-1,Increasing,Adult
fig-1,Not_Bound,Larval
F53C11.1,Larval,Adult
F53C11.3,Increasing,Embryonic
irg-3,Increasing,Larval
cutl-1,Not_Bound,Embryonic
F53F1.2,Larval,Larval
F53F1.3,Larval,Larval
F53F1.6,Larval,Larval
F53F10.2,Increasing,Larval
F53F10.2,Larval,Larval
mpc-2,L3_High,Embryonic
F53F4.16,Not_Bound,Embryonic
klf-2,Not_Bound,Embryonic
F53G12.9,Not_Bound,Embryonic
F53H8.3,L3_High,Larval
sms-2,Larval,Embryonic
sms-2,Increasing,Embryonic
sms-2,Increasing,Embryonic
dom-3,Not_Bound,Adult
F54C8.4,Increasing,Embryonic
F54C9.3,Increasing,Embryonic
F54C9.7,Not_Bound,Embryonic
F54D1.6,Increasing,Embryonic
F54D1.6,Larval,Embryonic
F54D1.6,Increasing,Embryonic
F54D1.6,Larval,Embryonic
fbxa-24,Increasing,Embryonic
sumv-2,Not_Bound,Adult
F54D5.2,Not_Bound,Adult
F54D5.3,Increasing,Larval
F54D5.4,Not_Bound,Larval
F54D5.7,Increasing,Larval
alh-1,Increasing,Larval
alh-1,Increasing,Larval
F54E2.1,Larval,Larval
rps-12,Not_Bound,Larval
rcan-1,Not_Bound,Embryonic
nep-17,Increasing,Embryonic
nep-17,Increasing,Embryonic
nep-17,Larval,Embryonic
nep-17,Larval,Embryonic
nep-17,Increasing,Embryonic
F54F2.7,Not_Bound,Embryonic
prx-19,Increasing,Embryonic
prx-19,L3_High,Embryonic
dhrs-4,Increasing,Embryonic
xtr-1,Larval,Embryonic
F54G2.1,Increasing,Embryonic
F54H5.2,Larval,Adult
F54H5.2,Larval,Adult
klf-3,Larval,Embryonic
klf-3,Increasing,Embryonic
klf-3,Larval,Embryonic
F54H5.5,Not_Bound,Embryonic
sel-11,Increasing,Adult
dhs-2,L3_High,Embryonic
apm-1,Not_Bound,Embryonic
F55A3.6,Not_Bound,Embryonic
F55A4.7,Not_Bound,Embryonic
vpat-1,L3_High,Embryonic
xdh-1,Increasing,Larval
xdh-1,Increasing,Larval
F55B11.4,Increasing,Embryonic
F55B12.2,Not_Bound,Embryonic
hpo-31,Not_Bound,Adult
tag-234,Increasing,Larval
aman-1,Embryo_Specific,Embryonic
rpl-25.1,Not_Bound,Larval
F55D12.5,Increasing,Embryonic
drd-5,Increasing,Larval
drd-5,Increasing,Larval
cest-13,Increasing,Larval
nkb-3,Increasing,Embryonic
nkb-3,Increasing,Embryonic
nkb-3,Increasing,Embryonic
nkb-3,Increasing,Embryonic
nkb-3,L3_High,Embryonic
F55F3.4,L3_High,Larval
F55F3.4,Not_Changing,Larval
F55F3.4,Increasing,Larval
F55F3.4,Increasing,Larval
mff-2,Not_Bound,Adult
F55G1.15,Increasing,Embryonic
F55G1.15,Larval,Embryonic
F55G1.9,Not_Bound,Larval
F55G11.2,Larval,Embryonic
F55G11.4,Increasing,Larval
F55G11.4,Increasing,Larval
dod-22,Larval,Larval
F55G11.7,Increasing,Embryonic
F55G11.8,Increasing,Embryonic
F55H12.3,Increasing,Embryonic
F55H12.5,Increasing,Adult
vha-14,Increasing,Embryonic
F56A11.4,Increasing,Embryonic
F56A4.3,Larval,Larval
F56A4.4,Not_Bound,Embryonic
F56B3.6,Not_Bound,Larval
ugt-52,Larval,Embryonic
ugt-52,Increasing,Embryonic
fbxa-190,Increasing,Larval
fbxa-190,Not_Changing,Larval
F56C4.1,Not_Bound,Embryonic
F56C4.4,Increasing,Embryonic
F56C9.7,Increasing,Larval
F56C9.7,Increasing,Larval
F56C9.8,Larval,Embryonic
F56C9.8,Increasing,Embryonic
F56C9.8,Increasing,Embryonic
F56C9.8,Larval,Embryonic
cex-1,Not_Bound,Embryonic
F56D5.6,Increasing,Larval
clec-67,Increasing,Larval
rps-27,Not_Bound,Larval
cdo-1,Not_Bound,Larval
ndg-4,L3_High,Larval
rps-1,L3_High,Larval
oac-34,Increasing,Embryonic
elo-1,Larval,Larval
elo-1,Increasing,Larval
elo-1,Increasing,Larval
F56H9.2,Larval,Embryonic
F56H9.2,L3_High,Embryonic
str-9,Not_Bound,Embryonic
F57B1.5,Not_Bound,Embryonic
F57B1.6,Increasing,Embryonic
dad-1,Not_Bound,Larval
bag-1,L3_High,Adult
tmed-3,L3_High,Adult
F57B9.1,L3_High,Embryonic
F57B9.1,Increasing,Embryonic
coq-2,Not_Bound,Larval
F57B9.8,Not_Bound,Adult
F57F4.1,Not_Bound,Adult
F57F4.2,Not_Bound,Embryonic
gfi-1,Increasing,Larval
gfi-1,Increasing,Larval
gfi-1,Larval,Larval
gfi-1,Larval,Larval
F57F4.4,Increasing,Adult
F57F4.4,Larval,Adult
F57F4.4,Increasing,Adult
F57F4.4,Increasing,Adult
F57F4.4,Larval,Adult
add-2,Larval,Embryonic
nhr-193,Increasing,Larval
F57H12.6,Not_Bound,Adult
ttr-31,Not_Bound,Larval
F58A6.1,Not_Bound,Embryonic
lys-4,Larval,Larval
lys-5,Increasing,Embryonic
lys-5,Increasing,Embryonic
lys-6,Increasing,Adult
mars-1,Not_Bound,Larval
F58B4.5,Larval,Larval
F58B4.5,Larval,Larval
aip-1,Not_Bound,Embryonic
hrg-3,Not_Bound,Embryonic
F58F12.1,Not_Changing,Larval
F58F9.3,Increasing,Embryonic
F58F9.3,Increasing,Embryonic
F58F9.4,Increasing,Larval
acox-3,Increasing,Embryonic
acox-3,Increasing,Embryonic
rde-12,Increasing,Larval
rde-12,Increasing,Larval
F58G6.3,Increasing,Embryonic
F58G6.3,Increasing,Embryonic
F58G6.7,Not_Bound,Larval
F58G6.9,Increasing,Larval
F58H1.2,Not_Bound,Embryonic
F58H1.3,L3_High,Adult
F58H10.1,Not_Bound,Embryonic
faah-3,Increasing,Larval
fbxc-3,Not_Bound,Larval
dgat-2,Not_Bound,Larval
cri-3,Not_Bound,Larval
F59A6.10,Not_Bound,Embryonic
F59B1.2,Increasing,Adult
srx-41,Increasing,Embryonic
F59B1.8,L3_High,Adult
skat-1,L3_High,Larval
F59B2.3,Larval,Adult
F59B2.3,Increasing,Adult
idh-1,Increasing,Larval
idh-1,Increasing,Larval
F59C6.11,Larval,Embryonic
F59C6.14,Larval,Embryonic
F59C6.16,Not_Bound,Larval
F59D12.2,Not_Bound,Embryonic
F59D12.3,Not_Bound,Embryonic
gpn-1,Not_Bound,Larval
F59D6.1,Not_Bound,Embryonic
asp-8,Larval,Larval
asp-8,Larval,Larval
sam-4,Not_Bound,Embryonic
del-5,Larval,Embryonic
del-5,Increasing,Embryonic
acox-1.6,L3_High,Embryonic
serp-1.1,L3_High,Embryonic
acl-1,L3_High,Larval
acl-1,Larval,Larval
acl-1,L3_High,Larval
slcf-1,Larval,Larval
slcf-1,Increasing,Larval
glo-3,Increasing,Embryonic
glo-3,Increasing,Embryonic
frh-1,Increasing,Adult
H01G02.1,Not_Bound,Embryonic
memi-3,Not_Bound,Adult
H03A11.2,Larval,Larval
H03A11.2,L3_High,Larval
H03A11.2,Increasing,Larval
ubxn-6,Not_Bound,Adult
H06H21.8,Increasing,Larval
H06H21.8,Increasing,Larval
H06H21.8,Increasing,Larval
H06H21.8,Increasing,Larval
H06I04.3,Larval,Larval
ctg-1,Not_Bound,Embryonic
nhr-80,Increasing,Larval
nhr-80,Increasing,Larval
H10E21.4,Larval,Embryonic
nhr-68,Larval,Embryonic
nhr-68,Increasing,Embryonic
H12D21.10,Increasing,Embryonic
H12D21.2,Not_Bound,Larval
suox-1,Increasing,Larval
zipt-7.2,Not_Bound,Larval
H14A12.5,Not_Bound,Larval
H14E04.3,Not_Bound,Embryonic
ttr-47,Increasing,Larval
zmp-2,Increasing,Larval
scb-1,Increasing,Embryonic
H20E11.1,L3_High,Larval
H20E11.2,Increasing,Embryonic
H20E11.3,Increasing,Adult
mbf-1,L3_High,Larval
asp-3,Larval,Larval
asp-3,Increasing,Larval
asp-3,Increasing,Larval
bgal-2,Larval,Larval
ugt-13,Not_Bound,Larval
ugt-8,Not_Bound,Larval
H34I24.2,Larval,Larval
lep-5,Not_Bound,Adult
dcn-1,L3_High,Embryonic
dcn-1,Larval,Embryonic
par-1,L3_High,Embryonic
par-1,Increasing,Embryonic
par-1,L3_High,Embryonic
par-1,Increasing,Embryonic
par-1,Increasing,Embryonic
par-1,Increasing,Embryonic
par-1,L3_High,Embryonic
H41C03.3,Larval,Adult
far-7,Not_Bound,Larval
K01A2.5,Not_Bound,Embryonic
K01C8.1,Increasing,Larval
mrpl-10,Not_Bound,Adult
nst-1,Not_Bound,Larval
K01D12.1,Not_Bound,Embryonic
cdr-4,Increasing,Larval
K01D12.8,Not_Bound,Embryonic
bcat-1,Increasing,Larval
bcat-1,Increasing,Larval
bcat-1,Increasing,Larval
bcat-1,Increasing,Larval
K02A6.3,Larval,Embryonic
K02A6.3,Increasing,Embryonic
K02B12.7,L3_High,Embryonic
rps-25,Not_Bound,Larval
elt-3,Larval,Embryonic
elt-3,Larval,Embryonic
K02C4.2,L3_High,Larval
pnp-1,Increasing,Embryonic
pnp-1,Increasing,Embryonic
pnp-1,Increasing,Embryonic
pnp-1,Increasing,Embryonic
pnp-1,Increasing,Embryonic
pnp-1,Increasing,Embryonic
dsc-4,Larval,Larval
dsc-4,Increasing,Larval
ins-35,Larval,Larval
ins-35,Increasing,Larval
K02E2.6,Not_Bound,Embryonic
ahcy-1,Increasing,Larval
zip-2,L3_High,Embryonic
zip-2,Increasing,Embryonic
K02F6.3,Not_Bound,Adult
nep-18,Not_Bound,Larval
tmem-135,Increasing,Larval
dnj-14,Increasing,Embryonic
lron-7,Increasing,Larval
lron-7,Increasing,Larval
lron-7,Increasing,Larval
sur-5,Increasing,Larval
sur-5,Larval,Larval
sur-5,L3_High,Larval
sur-5,L3_High,Larval
K03B4.1,Not_Bound,Adult
taf-10,L3_High,Embryonic
K03B8.6,Not_Bound,Embryonic
K03B8.8,Not_Bound,Embryonic
cbp-2,Increasing,Larval
cbp-2,Increasing,Larval
ttr-2,Not_Bound,Adult
K03H1.5,Increasing,Embryonic
K03H1.5,Increasing,Embryonic
K03H1.5,Larval,Embryonic
txt-4,Larval,Larval
txt-4,L3_High,Larval
K04A8.1,Larval,Embryonic
K04A8.1,Larval,Embryonic
K04A8.1,Larval,Embryonic
mlc-6,Not_Bound,Embryonic
K04C2.3,Increasing,Embryonic
gta-1,Increasing,Larval
gta-1,Increasing,Larval
pept-1,Larval,Embryonic
pept-1,Larval,Embryonic
K04G11.3,Not_Bound,Embryonic
K04G2.12,Not_Bound,Embryonic
ath-1,Not_Bound,Adult
vacl-14,Not_Bound,Adult
K04G2.9,L3_High,Embryonic
crn-6,Increasing,Larval
K05B2.4,L3_High,Embryonic
mct-4,Increasing,Embryonic
mct-4,Increasing,Embryonic
sol-2,Not_Bound,Embryonic
K05C4.7,Embryo_Specific,Adult
K05C4.8,L3_High,Embryonic
lect-2,Not_Bound,Embryonic
K05F1.9,Not_Bound,Adult
cah-3,L3_High,Larval
cah-3,Larval,Larval
K06A4.7,Increasing,Larval
K06A4.7,Increasing,Larval
acdh-3,Increasing,Larval
nmtn-1,Not_Bound,Embryonic
K06A9.1,Increasing,Embryonic
nhr-53,Not_Bound,Embryonic
frpr-11,Not_Bound,Larval
K06G5.1,Increasing,Larval
K06G5.1,Increasing,Larval
K06G5.1,Larval,Larval
K07A1.13,Not_Bound,Larval
aqp-9,L3_High,Larval
ate-1,Not_Bound,Adult
K07A12.1,Not_Bound,Larval
asg-1,Not_Bound,Larval
K07B1.4,Not_Bound,Larval
air-1,Not_Changing,Adult
timp-1,Not_Bound,Larval
cest-17,Larval,Embryonic
cri-2,Not_Bound,Embryonic
K07C11.7,Larval,Embryonic
K07C11.7,Increasing,Embryonic
cogc-6,Not_Bound,Embryonic
K07C5.2,Not_Bound,Larval
cyp-35A5,Larval,Larval
K07E3.4,Increasing,Larval
catp-5,Increasing,Embryonic
catp-5,Not_Changing,Embryonic
catp-5,Increasing,Embryonic
vem-1,Not_Changing,Embryonic
sdz-24,Not_Bound,Larval
frpr-14,Larval,Embryonic
nspd-2,Not_Bound,Adult
K07F5.6,Not_Bound,Adult
daf-31,Not_Bound,Adult
lido-8,Not_Bound,Embryonic
cpi-1,Larval,Adult
fmo-1,Increasing,Embryonic
K08D10.10,Larval,Larval
K08D8.1,Increasing,Larval
K08D8.3,Increasing,Larval
K08D8.3,Increasing,Larval
K08D8.4,Increasing,Larval
K08D8.5,Larval,Larval
K08D8.6,Larval,Larval
K08D8.6,Increasing,Larval
K08D8.6,Larval,Larval
tyr-2,Not_Bound,Embryonic
K08E3.5,Increasing,Embryonic
K08E3.5,Increasing,Embryonic
K08E3.5,Increasing,Embryonic
pdr-1,Not_Bound,Adult
spt-5,Not_Bound,Larval
K08E4.3,Not_Bound,Embryonic
eak-7,L3_High,Embryonic
hsb-1,Not_Bound,Embryonic
pgp-1,Increasing,Larval
pgp-1,Increasing,Larval
pgp-1,Increasing,Larval
pgp-1,Larval,Larval
ctf-18,Larval,Adult
K08F4.12,Not_Bound,Embryonic
glt-3,Not_Bound,Embryonic
gst-4,Not_Bound,Embryonic
mak-1,Increasing,Embryonic
mak-1,Larval,Embryonic
mak-1,Increasing,Embryonic
mak-1,Increasing,Embryonic
mak-1,Increasing,Embryonic
fut-1,Not_Bound,Embryonic
uda-1,Increasing,Adult
uda-1,Increasing,Adult
mam-3,Larval,Embryonic
K09C4.1,Not_Bound,Larval
K09C6.9,Not_Bound,Larval
pbo-4,Larval,Embryonic
pbo-4,Increasing,Embryonic
pbo-4,Larval,Embryonic
K09C8.7,Increasing,Embryonic
K09D9.1,Increasing,Embryonic
K09E2.3,Increasing,Adult
K09E2.3,Increasing,Adult
vit-1,Increasing,Adult
spp-14,Larval,Larval
acds-10,L3_High,Embryonic
acds-10,Increasing,Embryonic
pgph-1,Not_Bound,Embryonic
ctsa-4.1,Increasing,Larval
ctsa-4.1,Increasing,Larval
K10B2.4,Increasing,Adult
K10B3.1,Not_Bound,Embryonic
gpd-2,Not_Bound,Larval
ctsa-2,Larval,Larval
ctsa-2,Increasing,Larval
ctsa-2,Larval,Larval
ctsa-2,Increasing,Larval
fah-1,Increasing,Larval
K10C2.6,Not_Bound,Embryonic
dod-17,Increasing,Larval
K10D11.3,Increasing,Embryonic
K10D11.3,Larval,Embryonic
K10D11.3,Larval,Embryonic
glr-3,Not_Bound,Embryonic
K10G4.3,Increasing,Larval
K10G4.3,L3_High,Larval
K10G4.3,Increasing,Larval
K10G4.3,Increasing,Larval
K10G6.5,Increasing,Embryonic
cysl-2,Increasing,Embryonic
cysl-2,Larval,Embryonic
odc-1,L3_High,Embryonic
cpt-4,Increasing,Embryonic
cpt-4,Increasing,Embryonic
cpt-4,Increasing,Embryonic
K11D12.7,Not_Bound,Embryonic
exc-14,Increasing,Embryonic
asah-1,Larval,Larval
asah-1,Increasing,Larval
asah-1,L3_High,Larval
K11E4.2,Increasing,Embryonic
mtl-1,Increasing,Embryonic
K11H12.11,Not_Bound,Embryonic
K11H12.3,Increasing,Embryonic
K11H12.4,Not_Bound,Larval
K11H12.5,Not_Bound,Embryonic
gpdh-2,Increasing,Larval
gpdh-2,Increasing,Larval
gpdh-2,Increasing,Larval
gpdh-2,L3_High,Larval
K11H3.3,L3_High,Larval
K11H3.5,Not_Changing,Embryonic
K12B6.9,Increasing,Embryonic
K12B6.9,Increasing,Embryonic
K12B6.9,Larval,Embryonic
K12C11.1,Larval,Larval
smo-1,Not_Bound,Larval
K12C11.3,Increasing,Embryonic
K12C11.6,Not_Bound,Embryonic
K12C11.7,Increasing,Larval
K12C11.7,L3_High,Larval
sodh-1,Larval,Larval
sodh-1,Increasing,Larval
K12H4.3,Not_Bound,Larval
K12H4.5,L3_High,Embryonic
K12H4.7,Larval,Larval
LLC1.2,Increasing,Larval
ostd-1,Not_Bound,Adult
M01A8.1,Increasing,Embryonic
M01A8.1,Increasing,Embryonic
tag-96,L3_High,Embryonic
emr-1,Not_Bound,Adult
M01E11.1,Not_Bound,Adult
hmit-1.3,Increasing,Embryonic
hmit-1.3,Increasing,Embryonic
hmit-1.3,Increasing,Embryonic
hmit-1.3,Increasing,Embryonic
pitp-1,Increasing,Embryonic
pitp-1,Increasing,Embryonic
M01G12.9,Increasing,Embryonic
M01G12.9,Larval,Embryonic
trx-3,Larval,Embryonic
trx-3,Increasing,Embryonic
trx-3,Increasing,Embryonic
M01H9.3,Increasing,Embryonic
M01H9.3,Increasing,Embryonic
M01H9.3,Increasing,Embryonic
M01H9.3,L3_High,Embryonic
M01H9.4,Increasing,Embryonic
asns-2,Larval,Embryonic
asns-2,Increasing,Embryonic
M02F4.2,Larval,Embryonic
clec-265,Larval,Larval
M02G9.2,Not_Bound,Embryonic
nhr-99,Increasing,Embryonic
M02H5.8,Increasing,Larval
dao-2,Embryo_Specific,Embryonic
dao-2,L3_High,Embryonic
dhs-28,Increasing,Larval
M03B6.3,Not_Bound,Embryonic
M03E7.2,Not_Bound,Embryonic
M03E7.4,Not_Bound,Embryonic
memb-2,Not_Bound,Adult
calu-1,Increasing,Embryonic
galt-1,L3_High,Embryonic
galt-1,L3_High,Embryonic
gfl-1,L3_High,Adult
M04C3.1,Increasing,Embryonic
M04C3.1,Increasing,Embryonic
M04C3.1,Increasing,Embryonic
M04C3.2,Not_Bound,Larval
M04C9.3,L3_High,Embryonic
tag-260,Larval,Embryonic
tag-260,Larval,Embryonic
tag-260,Increasing,Embryonic
tag-260,Increasing,Embryonic
tag-260,Increasing,Embryonic
tag-260,Increasing,Embryonic
cpz-2,Increasing,Larval
let-522,L3_High,Embryonic
lact-4,Larval,Embryonic
lact-4,Increasing,Embryonic
taap-1,Increasing,Embryonic
taap-1,Increasing,Embryonic
M153.1,Increasing,Embryonic
M153.2,L3_High,Embryonic
M153.4,Not_Bound,Embryonic
clec-258,Increasing,Embryonic
gfi-3,Not_Bound,Embryonic
chch-3,Not_Bound,Embryonic
M176.4,L3_High,Embryonic
M176.4,Larval,Embryonic
M176.4,L3_High,Embryonic
aly-3,L3_High,Adult
M28.10,Increasing,Larval
M28.5,Not_Bound,Adult
lact-3,Increasing,Larval
lact-3,Increasing,Larval
lact-3,Increasing,Larval
M28.8,Larval,Embryonic
M28.8,Increasing,Embryonic
ifc-2,Increasing,Larval
ifc-2,Larval,Larval
ifc-2,Increasing,Larval
ifc-2,Larval,Larval
endu-2,Increasing,Embryonic
endu-2,Increasing,Embryonic
kqt-2,Larval,Embryonic
kqt-2,Increasing,Embryonic
let-70,Increasing,Embryonic
M7.12,Not_Bound,Embryonic
ugt-62,Increasing,Adult
mrps-34,Not_Bound,Adult
M88.4,Increasing,Embryonic
PDB1.1,Increasing,Adult
cpi-2,L3_High,Embryonic
cpi-2,Increasing,Embryonic
R01B10.3,Not_Bound,Embryonic
seip-1,L3_High,Adult
cah-4,Embryo_Specific,Larval
ger-1,Increasing,Embryonic
ubc-18,Not_Bound,Embryonic
R01H2.8,Not_Bound,Embryonic
R02D3.7,Not_Changing,Adult
R02D3.8,Increasing,Adult
R02D5.3,Increasing,Larval
hrg-1,Increasing,Larval
hrg-1,Increasing,Larval
mocs-1,Increasing,Adult
metr-1,Larval,Adult
metr-1,Increasing,Adult
metr-1,Increasing,Adult
R03D7.2,Not_Bound,Adult
gst-5,Increasing,Embryonic
gpx-7,Increasing,Larval
R03G8.3,Increasing,Embryonic
R03H10.6,Not_Bound,Embryonic
R03H10.7,Increasing,Embryonic
ife-2,L3_High,Adult
ife-2,Increasing,Adult
R04B3.2,Not_Bound,Embryonic
R04B5.5,L3_High,Embryonic
ugt-47,Increasing,Larval
ugt-47,Larval,Larval
R04D3.4,Not_Bound,Embryonic
ifd-1,Larval,Embryonic
ifd-1,Larval,Embryonic
ifd-1,Increasing,Embryonic
hpo-30,Not_Bound,Embryonic
R04F11.2,Increasing,Larval
R05A10.2,Not_Bound,Embryonic
ran-4,Increasing,Larval
ddx-52,Not_Bound,Adult
snrp-27,Not_Bound,Adult
R05D3.3,Not_Bound,Adult
R05D3.6,Not_Bound,Larval
R05D7.7,Increasing,Embryonic
dhs-14,Larval,Larval
R05D8.9,Not_Bound,Adult
aagr-2,Increasing,Larval
aagr-2,Larval,Larval
aagr-2,Increasing,Larval
aagr-2,Increasing,Larval
aagr-2,Larval,Larval
aagr-2,Increasing,Larval
aagr-2,L3_High,Larval
R05F9.6,Increasing,Larval
R05F9.6,Larval,Larval
vdac-1,Larval,Larval
arv-1,Not_Changing,Adult
clec-150,Increasing,Larval
clec-150,Increasing,Larval
hda-3,Not_Bound,Adult
R06C1.4,L3_High,Embryonic
R06C1.4,Increasing,Embryonic
R06C1.4,Larval,Embryonic
R06C1.4,L3_High,Embryonic
dhp-1,Not_Bound,Embryonic
adsl-1,L3_High,Larval
tag-209,Not_Bound,Larval
ech-4,Increasing,Embryonic
R07A4.2,Increasing,Embryonic
R07A4.3,Embryo_Specific,Embryonic
R07A4.3,Increasing,Embryonic
R07A4.3,Increasing,Embryonic
lec-8,Increasing,Adult
glo-1,Increasing,Adult
R07B1.13,Not_Bound,Embryonic
scav-5,Larval,Embryonic
scav-5,Larval,Embryonic
gst-36,Increasing,Larval
R07B1.8,Not_Bound,Embryonic
R07B7.10,L3_High,Embryonic
gana-1,Not_Bound,Embryonic
nhr-206,Increasing,Embryonic
pqn-53,L3_High,Embryonic
kmo-1,Not_Bound,Embryonic
R07B7.6,Larval,Embryonic
R07B7.6,Increasing,Embryonic
R07B7.8,Larval,Embryonic
R07B7.9,Not_Bound,Embryonic
R07E3.1,Larval,Larval
R07E3.1,Larval,Larval
R07E3.1,Increasing,Larval
R07E3.2,Not_Bound,Embryonic
R07E3.4,L3_High,Larval
R07E3.4,Increasing,Larval
R07E3.4,Larval,Larval
acl-5,Increasing,Embryonic
R07E3.7,Not_Bound,Embryonic
R07E4.3,L3_High,Embryonic
R07E5.1,L3_High,Larval
pdcd-2,Not_Bound,Adult
mpc-1,Larval,Larval
mpc-1,Larval,Larval
R07E5.7,Not_Bound,Embryonic
cdc-42,Increasing,Embryonic
pgam-5,Not_Bound,Adult
prx-14,Increasing,Adult
R07H5.11,Not_Bound,Embryonic
nuaf-3,Increasing,Larval
sdz-27,Not_Bound,Embryonic
adk-1,Larval,Larval
adk-1,L3_High,Larval
R07H5.9,Not_Bound,Larval
grd-1,Not_Bound,Embryonic
R08B4.3,Not_Bound,Embryonic
R08D7.4,Not_Bound,Embryonic
R08D7.5,Not_Bound,Embryonic
R08D7.7,Increasing,Embryonic
R08E3.1,Larval,Larval
R08E5.3,L3_High,Embryonic
rbm-3.2,Not_Bound,Adult
hacd-1,Increasing,Larval
hacd-1,Increasing,Larval
cnc-3,Not_Bound,Embryonic
cnc-4,Not_Bound,Larval
chil-22,Not_Bound,Larval
chil-23,Increasing,Embryonic
ptr-14,Not_Bound,Larval
R09H10.5,Larval,Larval
R09H10.5,Increasing,Larval
R09H10.5,Increasing,Larval
R09H10.6,Not_Bound,Embryonic
R09H10.7,Increasing,Embryonic
R102.11,Not_Bound,Embryonic
gst-1,Larval,Larval
rbx-2,Not_Bound,Embryonic
R10D12.1,Not_Bound,Embryonic
algn-13,L3_High,Adult
R10D12.13,Not_Bound,Adult
sao-1,Not_Bound,Adult
swt-6,Increasing,Adult
vha-2,Increasing,Embryonic
vha-1,L3_High,Embryonic
R10E4.1,L3_High,Embryonic
R10E4.1,Increasing,Embryonic
R10E4.9,Larval,Larval
R10E8.1,Increasing,Embryonic
R10E8.1,Increasing,Embryonic
R10E8.1,Increasing,Embryonic
R10E8.1,Larval,Embryonic
R10E8.1,Increasing,Embryonic
R10E8.1,Larval,Embryonic
R10E8.3,Increasing,Embryonic
R10E8.3,Larval,Embryonic
R10E8.3,L3_High,Embryonic
R10E8.3,Increasing,Embryonic
R10E8.8,L3_High,Embryonic
R10E8.8,Increasing,Embryonic
R10H1.1,Not_Bound,Larval
lpd-8,Not_Bound,Adult
R10H10.3,L3_High,Larval
slc-25A21,Increasing,Larval
nlp-67,Not_Changing,Embryonic
R119.5,Embryo_Specific,Embryonic
nud-2,Not_Bound,Embryonic
pck-2,Larval,Larval
pck-2,Increasing,Larval
pck-2,Larval,Larval
pck-2,Increasing,Larval
pck-2,Increasing,Larval
pck-2,Increasing,Larval
pck-2,Larval,Larval
pck-2,Increasing,Larval
pck-2,L3_High,Larval
pck-2,Larval,Larval
pck-2,Larval,Larval
suro-1,Increasing,Embryonic
pges-2,Not_Bound,Larval
R11D1.10,Not_Bound,Adult
dhs-21,Increasing,Embryonic
R11D1.7,Not_Bound,Embryonic
rpl-28,Not_Bound,Larval
R11F4.1,Increasing,Embryonic
R11F4.1,Increasing,Embryonic
R11F4.1,Increasing,Embryonic
nhr-210,Increasing,Larval
pes-9,Increasing,Larval
pes-9,Larval,Larval
ges-1,Larval,Larval
ges-1,Increasing,Larval
sma-4,L3_High,Larval
R12B2.6,Increasing,Embryonic
gldc-1,Increasing,Larval
gldc-1,Larval,Larval
R12C12.6,Not_Bound,Adult
R12C12.9,Increasing,Embryonic
R12C12.9,Larval,Embryonic
R12C12.9,Increasing,Embryonic
R12E2.11,Increasing,Larval
mrps-6,Larval,Adult
R12E2.13,L3_High,Larval
R12E2.15,Not_Bound,Embryonic
rpn-8,Increasing,Adult
rpn-8,Increasing,Adult
inx-17,Not_Bound,Embryonic
inx-16,Not_Changing,Embryonic
R12E2.8,Increasing,Embryonic
R12E2.8,L3_High,Embryonic
inx-15,Increasing,Embryonic
ttr-32,Not_Bound,Larval
rpl-9,Not_Bound,Larval
cra-1,Not_Bound,Larval
srv-1,Larval,Larval
srv-1,Increasing,Larval
R13H4.5,Increasing,Embryonic
R13H4.5,Increasing,Embryonic
R13H7.2,Not_Bound,Embryonic
wip-1,L3_High,Adult
R144.6,Not_Bound,Embryonic
lmtr-5,Not_Bound,Adult
heh-1,Not_Bound,Embryonic
dpy-31,Not_Bound,Embryonic
R151.6,Not_Bound,Larval
pfd-5,Not_Changing,Adult
cest-19,Not_Bound,Embryonic
R186.1,L3_High,Embryonic
R186.3,Not_Bound,Adult
R193.2,Larval,Larval
R193.2,Larval,Larval
R193.2,Larval,Larval
R193.2,L3_High,Larval
R193.2,Increasing,Larval
sma-1,L3_High,Embryonic
sma-1,L3_High,Embryonic
sma-1,Increasing,Embryonic
R53.4,Not_Bound,Larval
R53.5,Increasing,Larval
dnj-16,Not_Bound,Adult
ttr-27,Not_Bound,Larval
T01B10.5,Larval,Embryonic
eppl-1,Increasing,Larval
eppl-1,Increasing,Larval
eppl-1,Increasing,Larval
eppl-1,Larval,Larval
eppl-1,Increasing,Larval
rol-6,Not_Bound,Larval
fil-1,Increasing,Larval
fil-1,Increasing,Larval
rps-16,L3_High,Embryonic
odr-2,Not_Bound,Embryonic
T01D3.6,Larval,Larval
T01E8.1,Not_Bound,Embryonic
T01E8.8,Larval,Embryonic
T01G5.1,Not_Bound,Embryonic
nhr-131,Increasing,Embryonic
nhr-106,Increasing,Larval
nhr-212,Larval,Embryonic
lyst-1,Not_Changing,Embryonic
T01H3.5,L3_High,Adult
T02B11.8,Larval,Embryonic
T02C1.2,Increasing,Embryonic
T02C5.1,Increasing,Larval
T02C5.1,Larval,Larval
pmp-4,L3_High,Larval
dhs-3,Increasing,Larval
dhs-3,Larval,Larval
T02E1.8,Not_Bound,Embryonic
grl-7,Not_Bound,Embryonic
mmaa-1,Not_Bound,Larval
kat-1,L3_High,Larval
T02H6.11,Not_Bound,Embryonic
T02H6.5,Not_Bound,Embryonic
cpl-1,Increasing,Adult
cpl-1,Increasing,Adult
cpl-1,Increasing,Adult
clec-53,L3_High,Larval
T03F1.11,Not_Bound,Embryonic
dnj-17,Not_Bound,Adult
T03F6.3,Increasing,Adult
T03F7.7,L3_High,Embryonic
mans-3,L3_High,Embryonic
mrpl-16,Not_Bound,Adult
T04A8.13,Larval,Adult
T04A8.18,Not_Bound,Embryonic
atf-4,Larval,Embryonic
atf-4,Increasing,Embryonic
T04C12.1,Not_Changing,Embryonic
frm-2,Larval,Embryonic
frm-2,Increasing,Embryonic
T04F3.4,Increasing,Embryonic
T04F8.7,Larval,Embryonic
T04F8.7,Larval,Embryonic
T04F8.7,Larval,Embryonic
trap-2,L3_High,Larval
vap-2,Not_Bound,Embryonic
cki-1,L3_High,Embryonic
cki-1,Increasing,Embryonic
cki-1,L3_High,Embryonic
cki-1,Increasing,Embryonic
fut-6,Increasing,Larval
clic-1,Not_Bound,Embryonic
T05B11.4,L3_High,Adult
T05B11.4,L3_High,Adult
nhr-57,Increasing,Embryonic
T05B9.1,Not_Bound,Adult
camt-1,L3_High,Embryonic
camt-1,Increasing,Embryonic
camt-1,Increasing,Embryonic
camt-1,Larval,Embryonic
camt-1,Larval,Embryonic
camt-1,L3_High,Embryonic
camt-1,Increasing,Embryonic
dylt-3,Not_Bound,Embryonic
cct-1,Increasing,Larval
rps-5,Increasing,Larval
enpl-1,L3_High,Embryonic
enpl-1,Larval,Embryonic
T05E12.6,Increasing,Larval
T05E12.6,Increasing,Larval
T05E7.1,Larval,Larval
T05E7.1,Increasing,Larval
T05E7.3,Not_Bound,Adult
dhs-4,Increasing,Larval
T05F1.11,L3_High,Embryonic
T05F1.11,Increasing,Embryonic
T05F1.9,Not_Bound,Embryonic
T05G5.4,Not_Bound,Adult
ech-6,Not_Bound,Larval
rmd-1,Not_Bound,Adult
apn-1,Not_Bound,Adult
T05H10.3,Not_Bound,Embryonic
atp-4,Increasing,Larval
hpo-19,Increasing,Larval
hpo-19,Larval,Larval
T06A1.5,Increasing,Embryonic
cgt-1,Increasing,Embryonic
cgt-1,Increasing,Embryonic
cgt-1,Increasing,Embryonic
fbxa-197,Not_Bound,Adult
nhr-102,Increasing,Embryonic
fndc-1,Not_Bound,Embryonic
T06E4.7,Not_Bound,Embryonic
fbxa-135,Not_Bound,Embryonic
T06G6.3,Not_Bound,Embryonic
T07A9.10,Not_Bound,Embryonic
kgb-1,L3_High,Embryonic
ttr-46,Increasing,Larval
mam-5,Not_Bound,Embryonic
umps-1,Increasing,Larval
spp-1,Increasing,Larval
ttr-15,Not_Bound,Embryonic
mev-1,Not_Bound,Larval
T07D3.4,Increasing,Embryonic
T07D3.4,Increasing,Embryonic
T07D4.2,Not_Bound,Larval
T07E3.3,L3_High,Larval
T07F12.4,Increasing,Embryonic
T07F12.4,L3_High,Embryonic
npr-31,Not_Bound,Embryonic
bath-47,Increasing,Embryonic
bath-46,Larval,Larval
math-38,Increasing,Larval
math-38,Larval,Larval
spp-6,Increasing,Embryonic
spp-2,Not_Bound,Larval
ttr-30,L3_High,Embryonic
spp-3,Larval,Larval
spp-3,Larval,Larval
spp-4,Increasing,Larval
spp-5,Larval,Larval
spp-5,Larval,Larval
spp-5,Larval,Larval
T08B1.1,Larval,Larval
T08B1.1,Increasing,Larval
T08B1.1,Increasing,Larval
alh-5,L3_High,Embryonic
alh-5,Increasing,Embryonic
acs-3,Not_Bound,Embryonic
rps-17,L3_High,Larval
rps-17,Increasing,Larval
T08B2.11,Not_Bound,Adult
ech-1.2,L3_High,Larval
ech-1.2,L3_High,Larval
T08D2.5,Not_Bound,Adult
math-40,Increasing,Larval
math-41,Larval,Embryonic
math-41,Increasing,Embryonic
math-41,Larval,Embryonic
T08G11.3,Not_Bound,Embryonic
acdh-10,Increasing,Larval
acdh-10,Increasing,Larval
mtl-2,Increasing,Larval
exc-15,Increasing,Larval
exc-15,Increasing,Larval
exc-15,L3_High,Larval
gpx-6,Increasing,Embryonic
serp-1.2,Not_Bound,Embryonic
T09B4.4,Increasing,Embryonic
T10B10.4,Not_Bound,Embryonic
T10B10.8,Not_Bound,Larval
pcbd-1,Not_Bound,Embryonic
cerk-1,Not_Bound,Embryonic
T10B11.5,Increasing,Embryonic
T10B11.5,Increasing,Embryonic
cct-7,Not_Bound,Larval
T10B5.7,L3_High,Larval
T10B5.7,Increasing,Larval
gut-2,L3_High,Adult
cpr-3,Larval,Larval
cpr-3,Larval,Larval
pmp-5,Larval,Larval
pmp-5,Increasing,Larval
T11B7.2,Increasing,Embryonic
aat-6,Increasing,Adult
aat-6,Increasing,Adult
bcas-2,Not_Bound,Adult
T12B3.2,Increasing,Larval
fbxa-51,L3_High,Larval
fbxa-60,Increasing,Larval
fbxa-60,Increasing,Larval
fbxa-67,L3_High,Embryonic
fbxa-54,Increasing,Embryonic
fbxa-59,Increasing,Embryonic
fbxa-59,L3_High,Embryonic
fbxa-59,Increasing,Embryonic
nhr-273,Increasing,Embryonic
nhr-109,Increasing,Embryonic
nhr-16,L3_High,Embryonic
drr-2,Increasing,Embryonic
T12D8.5,Larval,Larval
mlc-5,Not_Bound,Embryonic
T12G3.2,Increasing,Embryonic
T12G3.2,L3_High,Embryonic
T12G3.2,Larval,Embryonic
T12G3.2,Larval,Embryonic
T12G3.2,Larval,Embryonic
T12G3.4,Not_Bound,Embryonic
mrpl-51,Increasing,Embryonic
aat-4,Not_Bound,Larval
pho-14,Larval,Larval
lips-11,Larval,Embryonic
mtp-18,Not_Bound,Larval
fat-4,Increasing,Larval
fat-4,Increasing,Larval
fat-4,Increasing,Larval
T13F2.2,Increasing,Adult
T13G4.4,Increasing,Larval
ctg-2,Larval,Embryonic
ctg-2,L3_High,Embryonic
ctg-2,L3_High,Embryonic
mrps-18B,Not_Bound,Adult
T14B4.3,Embryo_Specific,Adult
tsp-10,Increasing,Embryonic
tsp-10,Larval,Embryonic
agxt-1,L3_High,Embryonic
hex-1,Increasing,Larval
hex-1,Increasing,Larval
pps-1,Not_Bound,Embryonic
ttr-53,Not_Bound,Embryonic
aex-4,Larval,Larval
aex-4,Increasing,Larval
aex-4,Increasing,Larval
T14G8.3,L3_High,Larval
T14G8.3,Increasing,Larval
T14G8.3,Increasing,Larval
T14G8.3,Increasing,Larval
hpo-8,Larval,Larval
hal-3,Increasing,Adult
math-42,Larval,Embryonic
math-42,Larval,Embryonic
math-42,Larval,Embryonic
T16A9.3,L3_High,Adult
pho-4,Increasing,Larval
eif-3.K,Not_Bound,Larval
T16G1.4,Not_Bound,Larval
T16G1.6,Larval,Larval
T16G1.7,Increasing,Larval
T16G1.7,Increasing,Larval
grl-2,Not_Bound,Embryonic
T16G1.9,Increasing,Embryonic
T16G12.1,L3_High,Embryonic
T16G12.1,Increasing,Embryonic
T16G12.8,Not_Bound,Embryonic
pals-25,Not_Bound,Embryonic
T18D3.1,L3_High,Embryonic
cdf-2,Larval,Larval
cdf-2,Increasing,Larval
T18D3.6,Increasing,Embryonic
asp-2,Increasing,Larval
asp-2,Increasing,Larval
ngp-1,L3_High,Embryonic
mxl-1,Not_Bound,Adult
T19B10.2,Not_Bound,Embryonic
pgap-1,L3_High,Adult
pgap-1,Increasing,Adult
T19B4.3,L3_High,Larval
dnj-21,Not_Bound,Embryonic
T19C4.1,Not_Bound,Embryonic
nlp-33,Not_Bound,Larval
T19C9.8,Larval,Larval
T19C9.8,Larval,Larval
T19D12.1,Increasing,Embryonic
T19D12.9,Not_Bound,Larval
T19D2.2,Increasing,Embryonic
T19D2.2,Increasing,Embryonic
T19D2.2,Increasing,Embryonic
T19D2.2,Increasing,Embryonic
T19E7.6,Increasing,Embryonic
ugt-9,Not_Changing,Embryonic
ugt-11,Not_Bound,Adult
ugt-12,Increasing,Larval
chil-25,Not_Bound,Embryonic
T20B3.1,Increasing,Larval
clec-26,Larval,Embryonic
clec-36,Larval,Larval
tni-3,Not_Bound,Larval
T20D3.2,Increasing,Larval
pigc-1,Not_Bound,Adult
mrrf-1,Not_Bound,Adult
T20F5.7,Not_Bound,Adult
chc-1,Larval,Embryonic
chc-1,Larval,Embryonic
chc-1,L3_High,Embryonic
rde-4,Not_Bound,Adult
best-18,Increasing,Embryonic
best-18,Increasing,Embryonic
dod-6,L3_High,Embryonic
T20G5.8,Not_Bound,Larval
mrpl-50,Not_Bound,Embryonic
cct-2,Not_Changing,Larval
hpd-1,Increasing,Larval
hpd-1,Increasing,Larval
zmp-6,Not_Bound,Embryonic
T21E8.4,Not_Bound,Embryonic
T21G5.2,Not_Bound,Embryonic
T21H3.1,Increasing,Larval
T21H3.1,Increasing,Larval
lam-3,Not_Bound,Embryonic
T22B11.1,Not_Bound,Embryonic
T22C1.6,L3_High,Embryonic
cest-6,L3_High,Embryonic
igdb-3,Not_Bound,Embryonic
T22F3.10,Not_Bound,Embryonic
lbp-7,Increasing,Embryonic
lbp-7,Increasing,Embryonic
sptl-3,Increasing,Larval
sptl-3,Increasing,Larval
lbp-8,Increasing,Adult
alh-13,Not_Bound,Embryonic
phf-30,Not_Bound,Adult
mrpl-4,Not_Bound,Larval
dnj-22,Increasing,Adult
T23B3.5,Not_Bound,Adult
ppm-2,Increasing,Embryonic
ppm-2,Increasing,Embryonic
ppm-2,Increasing,Embryonic
ppm-2,Larval,Embryonic
T23F2.3,Increasing,Embryonic
T23F2.5,Increasing,Embryonic
lron-9,Not_Bound,Embryonic
T23G7.3,L3_High,Adult
pir-1,Not_Bound,Adult
nhr-69,L3_High,Embryonic
nhr-69,Increasing,Embryonic
T24B8.5,Larval,Larval
T24C12.1,Not_Bound,Embryonic
T24C12.3,Increasing,Larval
T24C4.4,Increasing,Embryonic
T24C4.8,Not_Bound,Embryonic
T24E12.5,Not_Bound,Larval
raga-1,Increasing,Adult
raga-1,Larval,Adult
dnj-23,Not_Bound,Adult
nep-22,Increasing,Embryonic
nep-22,Increasing,Embryonic
nep-22,Larval,Embryonic
T25B9.1,Not_Bound,Embryonic
T25B9.11,Increasing,Embryonic
T25B9.12,L3_High,Embryonic
ugt-54,Increasing,Embryonic
T25C12.3,Larval,Larval
T25C12.3,Larval,Larval
T25C12.3,Increasing,Larval
T25C12.3,L3_High,Larval
shpk-1,Increasing,Embryonic
shpk-1,Larval,Embryonic
act-5,Larval,Larval
act-5,Increasing,Larval
T25D10.4,Increasing,Embryonic
T25D10.4,Larval,Embryonic
T25D10.4,Larval,Embryonic
mrpl-28,Increasing,Adult
mrpl-28,L3_High,Adult
mrpl-28,Larval,Adult
acdh-7,Increasing,Larval
acdh-7,Increasing,Larval
dhs-30,L3_High,Larval
T25G3.1,Increasing,Adult
T26A5.6,Increasing,Adult
T26A5.6,Larval,Adult
gst-13,Increasing,Embryonic
T26C5.4,Not_Bound,Embryonic
nhr-79,Larval,Embryonic
nhr-79,Larval,Embryonic
nhr-79,Larval,Embryonic
nhr-79,Increasing,Embryonic
nhr-79,Increasing,Embryonic
nhr-79,Increasing,Embryonic
T26H5.10,Not_Bound,Larval
T26H5.9,Larval,Larval
slc-36.2,Not_Bound,Larval
ckc-1,Increasing,Larval
ckc-1,Increasing,Larval
cgr-1,Increasing,Larval
cgr-1,Increasing,Larval
trak-1,Increasing,Embryonic
trak-1,L3_High,Embryonic
trak-1,Increasing,Embryonic
trak-1,Increasing,Embryonic
nmrk-1,Increasing,Larval
nhr-226,Increasing,Embryonic
nhr-226,Increasing,Embryonic
nhr-227,Not_Bound,Embryonic
T27C5.8,L3_High,Embryonic
T27E4.1,Increasing,Embryonic
hsp-16.11,Not_Bound,Embryonic
T27E4.7,Increasing,Embryonic
T27E4.7,Increasing,Embryonic
T27E4.7,Increasing,Embryonic
T27E4.7,Increasing,Embryonic
T27E4.7,Increasing,Embryonic
hsp-16.1,Increasing,Embryonic
hsp-16.1,Increasing,Embryonic
hsp-16.49,Increasing,Embryonic
zip-10,Larval,Larval
zip-10,Increasing,Larval
zip-10,Increasing,Larval
pars-2,L3_High,Larval
T27F6.8,Not_Bound,Embryonic
fbxa-64,Not_Bound,Adult
ttr-6,Not_Bound,Embryonic
hic-1,Not_Bound,Embryonic
T28B8.1,Increasing,Embryonic
T28B8.1,Increasing,Embryonic
T28C12.2,Not_Bound,Larval
cest-24,Not_Bound,Embryonic
T28C6.7,Increasing,Embryonic
T28C6.7,Increasing,Embryonic
T28C6.8,L3_High,Embryonic
tba-7,Larval,Embryonic
tba-7,L3_High,Embryonic
T28D6.3,Not_Bound,Larval
rsp-5,Not_Bound,Adult
T28F2.2,L3_High,Adult
jmjc-1,Increasing,Larval
T28F4.5,Increasing,Embryonic
T28F4.5,Larval,Embryonic
T28H10.3,Increasing,Embryonic
ssq-2,Not_Bound,Adult
T28H11.7,Not_Bound,Adult
npa-1,Increasing,Larval
npa-1,Larval,Larval
npa-1,Larval,Larval
VF13D12L.3,Increasing,Larval
vha-6,Larval,Larval
vha-6,Larval,Larval
vha-6,Increasing,Larval
VY10G11R.1,Not_Bound,Embryonic
sek-6,Larval,Embryonic
fat-6,Larval,Larval
fat-6,Increasing,Larval
fat-6,Increasing,Larval
W01A11.1,L3_High,Larval
lec-10,Increasing,Larval
W01A8.2,Increasing,Adult
nuo-6,Not_Bound,Embryonic
cwn-2,L3_High,Embryonic
W01C8.5,Increasing,Embryonic
W01C8.5,Larval,Embryonic
W01D2.1,Not_Bound,Embryonic
nhr-61,Increasing,Embryonic
nhr-61,Increasing,Embryonic
osta-3,L3_High,Larval
osta-3,L3_High,Larval
osta-3,Increasing,Larval
fat-2,Increasing,Larval
fat-2,Increasing,Larval
fat-2,Increasing,Larval
W02B12.1,Increasing,Larval
cisd-1,Increasing,Larval
cisd-1,Increasing,Larval
cytb-5.2,Increasing,Embryonic
cytb-5.2,L3_High,Embryonic
W02D3.4,Larval,Adult
W02D3.4,Increasing,Adult
lbp-6,Not_Bound,Larval
lbp-5,Increasing,Embryonic
lbp-5,Larval,Embryonic
clec-218,Larval,Larval
W02D7.8,Larval,Larval
W02D7.8,Increasing,Larval
W02D7.8,Larval,Larval
W02D9.10,Increasing,Embryonic
W02D9.10,Increasing,Embryonic
W02D9.10,Increasing,Embryonic
W02D9.10,Increasing,Embryonic
W02D9.10,Larval,Embryonic
W02D9.10,Increasing,Embryonic
W02D9.10,Increasing,Embryonic
sna-1,Not_Bound,Adult
W02G9.4,Larval,Larval
W02H5.8,Not_Bound,Larval
W03A5.6,Increasing,Embryonic
W03A5.6,Increasing,Embryonic
rab-7,Increasing,Embryonic
W03C9.5,L3_High,Embryonic
wrt-5,Increasing,Embryonic
itx-1,Increasing,Embryonic
itx-1,Larval,Embryonic
W03F8.4,Increasing,Embryonic
lam-1,Not_Bound,Embryonic
W03F9.2,L3_High,Adult
enu-3.3,Embryo_Specific,Adult
W04A4.2,Not_Bound,Adult
W04A4.6,Embryo_Specific,Embryonic
mrpl-30,Not_Bound,Larval
haf-4,Increasing,Larval
haf-4,Larval,Larval
haf-4,L3_High,Larval
W04C9.4,Not_Changing,Larval
rbm-25,Not_Bound,Embryonic
W04E12.5,Not_Bound,Adult
clec-49,Increasing,Larval
clec-49,Increasing,Larval
clec-50,Increasing,Larval
rab-11.2,Not_Bound,Embryonic
clec-118,Not_Bound,Embryonic
his-74,Not_Bound,Adult
dct-11,Larval,Adult
dct-11,Increasing,Adult
hog-1,Not_Bound,Embryonic
nmat-1,Increasing,Adult
sma-5,Increasing,Embryonic
sma-5,Larval,Embryonic
sma-5,Larval,Embryonic
sma-5,Increasing,Embryonic
W06B4.2,Larval,Larval
spe-46,Increasing,Adult
snx-3,Not_Bound,Embryonic
rhy-1,Not_Bound,Embryonic
cpr-8,Increasing,Larval
cpr-8,Larval,Larval
cpr-5,Larval,Larval
W07E11.1,Larval,Embryonic
sms-5,L3_High,Embryonic
zip-3,Larval,Larval
zip-3,Increasing,Larval
zip-3,Increasing,Larval
zip-3,Increasing,Larval
lap-2,Increasing,Adult
lap-2,Larval,Adult
lap-2,L3_High,Adult
W07G4.5,Increasing,Larval
pals-33,Not_Bound,Embryonic
fat-3,Increasing,Larval
fat-3,Increasing,Larval
fat-3,Increasing,Larval
ola-1,Not_Bound,Larval
W08F4.3,Not_Bound,Larval
ins-33,L3_High,Larval
rpl-31,Increasing,Larval
rpl-31,Embryo_Specific,Larval
cox-4,L3_High,Larval
mrpl-12,L3_High,Adult
zmp-4,Not_Bound,Larval
W09G12.10,Not_Bound,Embryonic
tag-229,Not_Bound,Embryonic
mecr-1,Embryo_Specific,Larval
mecr-1,Larval,Larval
mecr-1,Increasing,Larval
W10C8.5,Larval,Larval
W10G11.19,L3_High,Larval
Y102A11A.1,Increasing,Larval
Y102A11A.1,Larval,Larval
Y102A11A.2,Increasing,Embryonic
Y102A11A.3,Larval,Larval
Y102A11A.3,Increasing,Larval
Y102A11A.5,L3_High,Embryonic
clec-35,Not_Bound,Embryonic
clec-37,Not_Bound,Embryonic
Y105C5A.24,Increasing,Larval
Y105C5A.24,Increasing,Larval
Y105C5B.15,Increasing,Larval
gln-3,L3_High,Embryonic
gln-3,Increasing,Embryonic
gln-3,L3_High,Embryonic
gln-3,Increasing,Embryonic
gln-3,Increasing,Embryonic
gln-3,Increasing,Embryonic
Y105C5B.8,Not_Bound,Embryonic
Y105C5B.9,Increasing,Larval
Y105C5B.9,Increasing,Larval
ech-7,Not_Bound,Larval
hprt-1,L3_High,Larval
Y105E8B.9,Embryo_Specific,Embryonic
mekk-3,L3_High,Adult
mekk-3,Not_Changing,Adult
dsbn-1,Not_Bound,Embryonic
Y106G6D.6,Not_Bound,Adult
Y106G6E.4,Not_Bound,Embryonic
Y106G6H.1,L3_High,Embryonic
madf-10,Not_Bound,Embryonic
Y106G6H.8,Not_Bound,Larval
Y110A2AL.4,Not_Bound,Embryonic
Y110A7A.21,Increasing,Embryonic
Y110A7A.21,L3_High,Embryonic
Y113G7A.12,Not_Bound,Larval
Y113G7B.11,L3_High,Embryonic
Y113G7B.12,Larval,Larval
Y113G7B.12,Increasing,Larval
Y113G7B.12,Larval,Larval
fbxa-115,Not_Bound,Larval
fbxa-114,Not_Bound,Adult
Y116A8B.4,Not_Bound,Embryonic
bca-2,L3_High,Embryonic
gly-4,L3_High,Embryonic
gly-4,Not_Changing,Embryonic
zig-9,Not_Bound,Embryonic
Y119D3B.13,Larval,Larval
Y119D3B.14,Not_Bound,Adult
pes-4,L3_High,Embryonic
pes-4,Increasing,Embryonic
pes-4,Increasing,Embryonic
pes-4,Increasing,Embryonic
pes-4,Larval,Embryonic
pes-4,L3_High,Embryonic
Y119D3B.21,Increasing,Larval
fbxa-61,Increasing,Larval
fbxa-21,Larval,Adult
Y11D7A.10,Larval,Embryonic
flh-3,Not_Changing,Embryonic
Y11D7A.3,Embryo_Specific,Adult
Y14H12A.1,Increasing,Larval
Y14H12A.1,Increasing,Larval
Y14H12A.2,Larval,Embryonic
Y14H12B.1,Not_Bound,Embryonic
Y15E3A.5,Increasing,Embryonic
Y15E3A.5,Increasing,Embryonic
Y15E3A.5,Not_Changing,Embryonic
Y15E3A.5,Not_Changing,Embryonic
Y16B4A.2,Increasing,Larval
Y16B4A.2,Increasing,Larval
Y16B4A.2,Larval,Larval
Y17D7B.4,Not_Bound,Larval
arrd-7,Increasing,Embryonic
Y17G7B.8,L3_High,Larval
npp-26,Not_Bound,Embryonic
coa-5,Not_Bound,Adult
pfn-1,Larval,Adult
Y18D10A.3,L3_High,Embryonic
Y18H1A.11,Increasing,Embryonic
crtc-1,L3_High,Embryonic
crtc-1,Increasing,Embryonic
crtc-1,Increasing,Embryonic
crtc-1,Increasing,Embryonic
crtc-1,L3_High,Embryonic
crtc-1,L3_High,Embryonic
cht-4,L3_High,Embryonic
Y22D7AL.15,Not_Bound,Larval
fbxa-74,Increasing,Larval
nhr-232,Increasing,Larval
nhr-232,L3_High,Larval
nhr-232,L3_High,Larval
lys-1,Increasing,Larval
lys-1,Larval,Larval
lys-2,Increasing,Larval
lys-2,Larval,Larval
Y23H5A.2,Not_Bound,Adult
Y23H5B.1,Not_Bound,Embryonic
Y23H5B.3,Not_Bound,Embryonic
Y25C1A.13,Not_Bound,Adult
Y26D4A.21,Larval,Larval
Y26D4A.3,Increasing,Embryonic
Y32F6A.4,Increasing,Larval
Y32F6A.4,Larval,Larval
Y32F6A.4,Increasing,Larval
Y32F6A.4,Increasing,Larval
Y32F6A.5,Larval,Larval
Y32F6A.5,Increasing,Larval
Y32F6B.1,L3_High,Embryonic
Y32F6B.1,Increasing,Embryonic
crp-1,L3_High,Embryonic
crp-1,Increasing,Embryonic
Y32H12A.6,Not_Bound,Embryonic
Y34B4A.5,Larval,Larval
Y34B4A.5,Increasing,Larval
Y34B4A.6,Increasing,Larval
Y34B4A.9,Increasing,Larval
glrx-10,L3_High,Embryonic
Y34F4.1,Not_Bound,Larval
Y34F4.4,Not_Bound,Larval
Y34F4.5,Increasing,Adult
fbxa-209,Increasing,Larval
fbxa-209,Larval,Larval
Y37A1B.5,L3_High,Larval
Y37A1B.5,Increasing,Larval
Y37A1B.5,Increasing,Larval
Y37A1B.5,L3_High,Larval
Y37A1B.7,Not_Bound,Embryonic
arx-5,Not_Bound,Embryonic
cox-5A,L3_High,Larval
cox-5A,Increasing,Larval
Y37D8A.16,L3_High,Embryonic
Y37D8A.3,Increasing,Larval
Y37D8A.3,Larval,Larval
Y37D8A.3,Larval,Larval
Y37D8A.4,Increasing,Embryonic
Y37D8A.4,Increasing,Embryonic
Y37D8A.4,L3_High,Embryonic
Y37D8A.6,Not_Bound,Larval
Y37E11B.2,Not_Bound,Embryonic
pcyt-2.1,Increasing,Adult
pcyt-2.1,Increasing,Adult
Y37H2A.14,Not_Bound,Adult
pbs-3,L3_High,Larval
Y38C1AA.1,Increasing,Embryonic
Y38C1AA.6,Embryo_Specific,Embryonic
Y38C1AA.6,Embryo_Specific,Embryonic
Y38C1AA.6,Embryo_Specific,Embryonic
Y38E10A.14,Not_Bound,Adult
Y38E10A.24,Not_Bound,Larval
clec-8,Larval,Adult
clec-4,Increasing,Larval
hphd-1,Larval,Larval
hphd-1,Larval,Larval
vha-11,Increasing,Embryonic
vha-11,L3_High,Embryonic
vha-11,Increasing,Embryonic
vha-11,Larval,Embryonic
vha-11,Increasing,Embryonic
Y38F2AR.12,L3_High,Embryonic
Y38F2AR.12,L3_High,Embryonic
sec-61.B,L3_High,Embryonic
fbxa-150,Not_Bound,Embryonic
Y38H6C.8,Increasing,Larval
Y39A1A.18,Not_Bound,Embryonic
Y39A1A.27,Not_Bound,Larval
Y39A1A.3,Not_Bound,Larval
mrpl-22,Not_Bound,Larval
lron-10,Increasing,Embryonic
asp-1,Larval,Larval
asp-1,Increasing,Larval
asp-1,Larval,Larval
asp-1,Larval,Larval
asp-17,Not_Bound,Adult
Y39B6A.29,Not_Bound,Larval
Y39B6A.5,Larval,Embryonic
Y39F10A.3,Not_Bound,Embryonic
Y39G8B.10,Increasing,Larval
Y39G8B.7,Not_Bound,Larval
Y39H10B.2,Not_Bound,Larval
comt-4,Increasing,Embryonic
Y40B1B.7,Not_Bound,Embryonic
slc-25A46,L3_High,Larval
sqst-2,Increasing,Larval
Y40C7B.4,Increasing,Adult
Y40C7B.4,Increasing,Adult
Y40C7B.4,Larval,Adult
elb-1,Not_Bound,Embryonic
Y41C4A.8,Not_Bound,Embryonic
Y41D4B.15,Not_Bound,Embryonic
hpo-6,Increasing,Larval
Y41D4B.17,Larval,Embryonic
nhr-92,Increasing,Embryonic
eef-1B.2,L3_High,Larval
Y41E3.22,Not_Bound,Embryonic
Y41G9A.10,Not_Bound,Embryonic
lact-8,Not_Bound,Embryonic
Y42A5A.5,Increasing,Embryonic
Y42G9A.1,Not_Bound,Embryonic
nspd-7,Not_Bound,Adult
Y43C5A.2,Larval,Larval
Y43C5A.2,Larval,Larval
nceh-1,Increasing,Embryonic
Y43F8B.12,Not_Bound,Adult
Y43F8B.13,Larval,Embryonic
Y43F8B.9,Not_Bound,Embryonic
Y43F8C.13,L3_High,Larval
nlp-26,Not_Bound,Adult
mrps-28,L3_High,Adult
Y44A6D.2,Increasing,Embryonic
Y44E3A.1,Not_Bound,Embryonic
afmd-2,Larval,Embryonic
Y45F10B.59,Embryo_Specific,Embryonic
Y45F10D.16,Not_Bound,Embryonic
acdh-11,L3_High,Larval
Y45G12C.1,Increasing,Embryonic
gst-10,Increasing,Larval
Y45G12C.3,Not_Changing,Embryonic
fbxc-51,Not_Bound,Embryonic
clec-174,Increasing,Larval
clec-71,Larval,Larval
clec-72,Increasing,Embryonic
clec-72,Larval,Embryonic
clec-72,Larval,Embryonic
Y46D2A.1,Larval,Embryonic
Y46D2A.2,Increasing,Larval
Y46D2A.2,Increasing,Larval
Y46D2A.2,Larval,Larval
Y46D2A.2,Increasing,Larval
Y46G5A.20,Not_Bound,Larval
acl-7,Increasing,Larval
acl-7,Larval,Larval
clec-204,Increasing,Larval
Y46H3C.5,Not_Bound,Embryonic
nhr-110,Increasing,Larval
nhr-110,Increasing,Larval
Y47D3A.21,Larval,Larval
nlp-21,Not_Bound,Embryonic
Y47H10A.5,Not_Bound,Adult
Y47H9C.1,Increasing,Larval
Y47H9C.8,Not_Bound,Adult
Y47H9C.9,Not_Bound,Embryonic
Y48A6B.7,Increasing,Larval
Y48A6B.9,L3_High,Adult
Y48A6B.9,L3_High,Adult
pha-1,Not_Bound,Embryonic
Y48C3A.12,Not_Bound,Embryonic
pinn-4,Not_Bound,Larval
gst-20,Larval,Embryonic
nol-14,Not_Bound,Larval
Y48G8AL.13,Increasing,Larval
Y48G8AL.13,Increasing,Larval
Y48G8AL.13,Increasing,Larval
Y48G8AL.13,Increasing,Larval
cept-2,Larval,Adult
snr-6,L3_High,Embryonic
Y49E10.16,Not_Bound,Larval
Y49E10.18,Increasing,Larval
cccp-1,Not_Changing,Embryonic
gba-4,Larval,Larval
oig-3,Not_Bound,Embryonic
ttr-25,Not_Bound,Larval
Y51A2D.13,Larval,Larval
Y51A2D.13,Increasing,Larval
Y51A2D.13,Increasing,Larval
Y51A2D.13,Increasing,Larval
txt-14,Not_Bound,Embryonic
hmit-1.1,Increasing,Larval
hmit-1.1,Larval,Larval
hmit-1.1,Increasing,Larval
ints-5,Larval,Adult
ints-5,Increasing,Adult
Y51B9A.9,Not_Bound,Larval
Y51F10.7,Increasing,Larval
Y51H4A.25,Larval,Larval
Y51H4A.5,Larval,Larval
math-45,Increasing,Larval
Y51H7BR.8,Larval,Embryonic
Y52B11A.10,Not_Bound,Larval
Y52E8A.3,Not_Changing,Embryonic
Y53C10A.5,L3_High,Larval
Y53C10A.5,L3_High,Larval
Y53C10A.5,Increasing,Larval
Y53C10A.5,Increasing,Larval
Y53C10A.5,Increasing,Larval
Y53C12A.11,Not_Bound,Adult
Y53C12A.3,L3_High,Adult
mop-25.2,Not_Bound,Embryonic
pno-1,Larval,Adult
pno-1,Increasing,Adult
pno-1,Increasing,Adult
Y53F4B.1,L3_High,Embryonic
gst-26,Increasing,Larval
gst-26,L3_High,Larval
gst-27,Not_Bound,Larval
gst-28,Increasing,Larval
gst-39,Not_Bound,Larval
Y53F4B.39,Increasing,Larval
Y53G8AR.6,Larval,Embryonic
Y53G8B.1,Increasing,Embryonic
ttm-5,L3_High,Embryonic
Y54E5B.2,Not_Bound,Larval
Y54F10AM.8,Increasing,Larval
fbxa-219,Increasing,Embryonic
fbxa-219,Larval,Embryonic
ctl-2,Increasing,Embryonic
ctl-2,Increasing,Embryonic
Y54G11A.9,Not_Bound,Embryonic
lin-22,Not_Bound,Embryonic
clec-83,Increasing,Adult
clec-84,Increasing,Larval
clec-84,Larval,Larval
clec-80,Not_Bound,Larval
samt-1,Increasing,Embryonic
Y54G2A.45,Increasing,Larval
Y54G2A.45,Increasing,Larval
Y54G2A.52,Increasing,Embryonic
clec-85,Increasing,Larval
clec-85,Larval,Larval
Y54G9A.5,Not_Bound,Adult
lec-6,Larval,Larval
lec-6,Larval,Larval
lec-6,Larval,Larval
stim-1,L3_High,Larval
Y55D5A.1,L3_High,Embryonic
Y55F3AM.11,Increasing,Embryonic
Y55F3AM.11,L3_High,Embryonic
mrpl-46,Not_Bound,Adult
Y55F3BR.11,L3_High,Embryonic
Y55F3BR.11,Larval,Embryonic
nft-1,Not_Bound,Larval
Y56A3A.19,Embryo_Specific,Adult
trap-4,L3_High,Adult
mif-1,Not_Bound,Embryonic
Y56A3A.6,Larval,Embryonic
Y56A3A.6,L3_High,Embryonic
Y56A3A.6,L3_High,Embryonic
Y57A10A.14,Increasing,Embryonic
Y57A10A.14,Increasing,Embryonic
Y57A10A.4,Not_Bound,Adult
Y57A10C.10,Not_Bound,Embryonic
daf-22,Increasing,Larval
Y57G11B.2,L3_High,Embryonic
Y57G11B.2,Increasing,Embryonic
nuo-3,Increasing,Larval
eps-8,Increasing,Embryonic
eps-8,Increasing,Embryonic
eps-8,Larval,Embryonic
eps-8,L3_High,Embryonic
eps-8,Increasing,Embryonic
ptp-5.2,Not_Bound,Adult
npr-5,Not_Bound,Embryonic
ttr-16,Not_Bound,Embryonic
cyp-32B1,Increasing,Embryonic
cyp-32B1,Increasing,Embryonic
cyp-32B1,Increasing,Embryonic
skr-4,Increasing,Larval
fbxa-85,Increasing,Embryonic
Y62H9A.11,Not_Bound,Embryonic
Y62H9A.12,L3_High,Adult
Y62H9A.15,Increasing,Embryonic
Y62H9A.15,Larval,Embryonic
Y62H9A.15,L3_High,Embryonic
Y65A5A.1,L3_High,Embryonic
Y65A5A.1,L3_High,Embryonic
Y65A5A.1,Increasing,Embryonic
Y65B4BL.7,Increasing,Adult
gly-8,Not_Bound,Larval
Y66A7A.7,Not_Bound,Embryonic
Y66D12A.13,Increasing,Embryonic
Y66D12A.13,Increasing,Embryonic
tin-10,Not_Bound,Adult
Y66D12A.9,Not_Bound,Larval
mrpl-55,L3_High,Embryonic
spl-1,Increasing,Larval
spl-1,Increasing,Larval
Y69A2AL.2,Larval,Larval
smf-3,Increasing,Larval
smf-3,Larval,Larval
epg-9,Increasing,Embryonic
epg-9,Increasing,Embryonic
epg-9,Increasing,Embryonic
alh-12,Not_Bound,Larval
Y69H2.7,Not_Bound,Adult
Y69H2.9,Increasing,Embryonic
Y6G8.5,Increasing,Larval
Y6G8.5,Larval,Larval
Y70C5A.3,Larval,Larval
Y70C5A.3,Increasing,Larval
hex-5,Not_Changing,Embryonic
Y71F9B.1,Not_Bound,Adult
Y71F9B.9,L3_High,Embryonic
Y71G12A.4,Not_Bound,Adult
Y71G12B.18,Not_Bound,Larval
Y71G12B.2,Not_Bound,Larval
pbo-1,Increasing,Embryonic
Y71H2AM.12,Increasing,Larval
cest-25,Increasing,Larval
cest-25,Increasing,Larval
Y71H2AM.14,Not_Bound,Embryonic
Y71H2AR.1,Not_Bound,Embryonic
gpa-17,L3_High,Embryonic
Y73B3A.4,Not_Bound,Adult
sfrp-1,Not_Bound,Embryonic
acp-6,Not_Bound,Larval
Y73B6BL.27,Not_Bound,Embryonic
Y73B6BL.31,Increasing,Larval
Y73B6BL.31,Increasing,Larval
pqn-89,Larval,Embryonic
pqn-89,Increasing,Embryonic
clec-210,Increasing,Adult
clec-210,Increasing,Adult
Y73F4A.1,Not_Bound,Embryonic
Y73F4A.2,Not_Bound,Embryonic
Y74C10AR.2,Not_Bound,Embryonic
nlp-40,Increasing,Larval
nlp-40,Increasing,Larval
nlp-40,Increasing,Larval
cyn-7,Increasing,Larval
cyn-3,Increasing,Embryonic
plc-2,Increasing,Embryonic
php-3,Increasing,Embryonic
Y75B8A.14,Not_Changing,Larval
Y75B8A.28,Increasing,Larval
Y75B8A.28,L3_High,Larval
Y75B8A.28,Increasing,Larval
Y75B8A.28,L3_High,Larval
Y75B8A.39,Not_Bound,Embryonic
lonp-2,Not_Bound,Embryonic
Y76A2B.4,Not_Bound,Adult
Y76A2B.5,Increasing,Larval
rpc-11,Not_Bound,Larval
Y79H2A.3,Not_Bound,Adult
Y7A5A.1,Increasing,Larval
Y7A5A.1,Larval,Larval
Y7A5A.1,Increasing,Larval
Y7A5A.2,Not_Bound,Embryonic
fbxa-14,L3_High,Larval
fbxa-79,Not_Bound,Embryonic
fbxa-19,Increasing,Embryonic
pals-18,Increasing,Embryonic
pals-19,Increasing,Embryonic
pals-16,Increasing,Larval
pals-16,Increasing,Larval
pals-16,Increasing,Larval
Y82E9BR.5,Not_Bound,Embryonic
Y87G2A.13,Not_Bound,Embryonic
Y87G2A.2,Increasing,Embryonic
Y94H6A.10,Increasing,Larval
Y94H6A.10,L3_High,Larval
Y94H6A.5,L3_High,Adult
Y94H6A.5,L3_High,Adult
Y9C9A.8,Not_Changing,Embryonic
ZC13.1,L3_High,Embryonic
orc-5,L3_High,Adult
cln-3.3,Larval,Embryonic
cln-3.3,L3_High,Embryonic
ZC196.2,Increasing,Embryonic
ZC196.2,Increasing,Embryonic
ZC196.5,Increasing,Larval
ZC204.12,Larval,Larval
ZC204.12,Larval,Larval
duxl-1,Increasing,Embryonic
ZC21.8,Not_Bound,Embryonic
ZC239.13,Increasing,Larval
ZC239.15,Not_Bound,Larval
ZC239.16,Increasing,Larval
ZC239.17,Not_Bound,Larval
ZC250.4,Increasing,Adult
ZC250.4,Increasing,Adult
ZC250.4,Larval,Adult
ZC262.2,Not_Bound,Adult
ZC262.5,Not_Bound,Larval
ZC302.3,Not_Bound,Adult
cbs-1,Increasing,Embryonic
mlck-1,Not_Bound,Embryonic
ZC373.5,L3_High,Embryonic
cest-2.1,Increasing,Adult
cest-2.1,Increasing,Adult
atfs-1,Increasing,Embryonic
atfs-1,L3_High,Embryonic
atfs-1,Increasing,Embryonic
atfs-1,Increasing,Embryonic
daf-41,Not_Bound,Larval
clk-1,Increasing,Larval
ZC395.5,Larval,Larval
hap-1,Not_Bound,Adult
mppb-1,Not_Bound,Larval
msa-1,Not_Bound,Embryonic
ZC412.3,Not_Bound,Embryonic
ZC412.5,Not_Bound,Adult
kgb-2,Larval,Larval
ltah-1.2,Larval,Adult
ltah-1.2,Increasing,Adult
ltah-1.2,Larval,Adult
ltah-1.2,Larval,Adult
ears-1,Not_Bound,Larval
coa-6,Not_Bound,Adult
ugt-18,Increasing,Embryonic
ugt-18,Increasing,Embryonic
ugt-16,Larval,Larval
ZC449.7,Increasing,Adult
ugt-4,Larval,Adult
ugt-5,Increasing,Embryonic
fbxa-30,Increasing,Larval
fbxa-30,L3_High,Larval
fbxa-30,Increasing,Larval
fbxa-31,Not_Bound,Embryonic
fbxa-32,Not_Bound,Embryonic
ssq-3,Not_Bound,Adult
grl-9,Not_Bound,Embryonic
gur-3,Not_Bound,Embryonic
pssy-1,Not_Bound,Larval
ttr-48,Increasing,Embryonic
ttr-48,Increasing,Embryonic
ttr-48,Increasing,Embryonic
frg-1,Increasing,Adult
ZK1053.3,Not_Bound,Embryonic
ZK1055.6,Not_Changing,Larval
ZK1055.7,Increasing,Larval
nit-1,Increasing,Embryonic
ZK1058.9,Embryo_Specific,Larval
znfx-1,L3_High,Adult
sym-2,Increasing,Embryonic
sym-2,Increasing,Embryonic
unc-16,Increasing,Embryonic
ZK1098.11,Not_Bound,Adult
pcp-1,Increasing,Embryonic
pcp-1,Increasing,Embryonic
ZK1127.3,Not_Bound,Adult
dve-1,Larval,Embryonic
dve-1,Increasing,Embryonic
dve-1,Larval,Embryonic
dve-1,Larval,Embryonic
dve-1,Larval,Embryonic
dve-1,Increasing,Embryonic
dve-1,Increasing,Embryonic
dve-1,Larval,Embryonic
ZK1240.2,Not_Bound,Larval
ZK1240.3,Larval,Embryonic
ZK1240.3,Increasing,Embryonic
ins-7,Increasing,Adult
ZK1290.10,Larval,Embryonic
ZK1290.10,Larval,Embryonic
ZK1290.13,Increasing,Embryonic
ZK1290.13,Increasing,Embryonic
ZK1290.14,Increasing,Larval
ZK1290.5,Increasing,Larval
rnh-1.1,Larval,Adult
wrt-10,Not_Bound,Embryonic
ZK1307.8,Not_Bound,Larval
ZK131.11,Increasing,Embryonic
ZK131.11,Increasing,Embryonic
gstk-1,Increasing,Larval
ZK1320.2,Larval,Larval
ZK1320.3,Increasing,Adult
aqp-10,L3_High,Adult
ZK1321.4,Not_Bound,Larval
ZK154.1,Not_Bound,Embryonic
sar-1,Increasing,Embryonic
ZK180.8,Not_Bound,Embryonic
ZK185.2,Increasing,Embryonic
ZK185.5,Increasing,Adult
ZK185.5,Larval,Adult
rpn-12,L3_High,Adult
sre-23,Embryo_Specific,Embryonic
sulp-8,Increasing,Embryonic
sulp-8,L3_High,Embryonic
rbx-1,L3_High,Adult
ZK287.9,Increasing,Larval
ZK418.5,Not_Bound,Larval
ZK418.7,Increasing,Embryonic
aco-1,L3_High,Larval
aco-1,Increasing,Larval
aco-1,Increasing,Larval
asm-2,Larval,Larval
asm-2,Increasing,Larval
hizr-1,L3_High,Larval
ZK470.2,Increasing,Embryonic
ZK470.2,Increasing,Embryonic
ZK470.2,Larval,Embryonic
ZK470.2,Increasing,Embryonic
nck-1,Increasing,Embryonic
nck-1,Increasing,Embryonic
haf-9,Increasing,Larval
haf-9,L3_High,Larval
ZK512.2,Not_Bound,Larval
mdt-4,Larval,Larval
mdt-4,Increasing,Larval
mdt-4,L3_High,Larval
mdt-4,L3_High,Larval
mdt-4,Increasing,Larval
mdt-4,Larval,Larval
mdt-4,L3_High,Larval
mdt-4,Larval,Larval
mdt-4,Increasing,Larval
mdt-4,Increasing,Larval
ZK546.14,Increasing,Larval
ZK546.2,Increasing,Adult
ZK550.3,L3_High,Larval
ZK550.6,L3_High,Embryonic
ZK550.6,Larval,Embryonic
sorf-1,Not_Bound,Embryonic
pyk-2,Increasing,Larval
pyk-2,Larval,Larval
lgg-2,Increasing,Embryonic
lgg-2,Increasing,Embryonic
dod-19,Increasing,Larval
ZK6.11,Not_Bound,Adult
lipl-5,Increasing,Larval
lipl-5,Increasing,Larval
ZK632.10,Not_Bound,Embryonic
ZK632.5,Not_Bound,Adult
arl-5,Not_Bound,Embryonic
ZK632.9,Not_Bound,Embryonic
glb-1,Not_Bound,Embryonic
ZK637.2,L3_High,Larval
lin-9,Not_Changing,Adult
lin-9,L3_High,Adult
snr-5,Not_Bound,Adult
cuc-1,L3_High,Embryonic
tomm-7,Not_Bound,Embryonic
rpl-35,L3_High,Larval
ZK673.1,Increasing,Larval
ZK673.1,Increasing,Larval
ZK673.1,Increasing,Larval
ZK673.2,Increasing,Embryonic
lin-56,Larval,Adult
ZK686.1,Not_Bound,Embryonic
ZK686.3,Increasing,Larval
snu-23,L3_High,Adult
fahd-1,Not_Bound,Larval
ZK742.3,L3_High,Embryonic
ZK742.7,Not_Bound,Embryonic
acl-3,Not_Bound,Larval
prx-2,L3_High,Larval
prx-2,L3_High,Larval
ZK809.8,L3_High,Larval
ZK822.1,Increasing,Embryonic
ZK822.1,Increasing,Embryonic
ZK822.1,Increasing,Embryonic
rpc-25,Not_Bound,Adult
ZK856.5,Larval,Larval
ZK856.5,Increasing,Larval
ZK856.5,Increasing,Larval
ZK856.7,Not_Bound,Larval
nlt-1,Increasing,Embryonic
ZK896.5,Increasing,Larval
ZK896.5,Increasing,Larval
clec-187,Increasing,Larval
clec-187,Increasing,Larval
clec-187,Larval,Larval
ZK899.1,L3_High,Embryonic
ZK899.1,Larval,Embryonic
ZK899.2,Larval,Embryonic
ZK909.3,Not_Bound,Embryonic
ZK938.1,Not_Bound,Adult
lact-2,L3_High,Embryonic
lact-2,Larval,Embryonic
puf-12,Not_Bound,Larval
clpp-1,Increasing,Larval
mdt-22,L3_High,Adult
vha-9,L3_High,Embryonic
fbxa-6,Increasing,Embryonic
fbxa-6,L3_High,Embryonic
cTel55X.1,Not_Changing,Larval
cTel55X.1,L3_High,Larval
