WBGeneID,Sequence.name,Public_name,blazie_mixed,hashimshony_emb,pauli_L4,spencer_LE,spencer_L2,cluster.description,intestine_dev_cluster
WBGene00000142,C08B6.9,aos-1,TRUE,FALSE,FALSE,FALSE,FALSE,Not_Changing,Adult
WBGene00000182,B0336.2,arf-1.2,FALSE,FALSE,TRUE,FALSE,FALSE,Increasing,Embryonic
WBGene00000382,C43E11.10,cdc-6,TRUE,FALSE,FALSE,FALSE,FALSE,L3_High,Adult
WBGene00000391,C47D2.2,cdd-1,TRUE,TRUE,TRUE,TRUE,FALSE,Larval,L1
WBGene00000522,C09F12.1,clc-1,TRUE,FALSE,TRUE,FALSE,TRUE,Increasing,Post-embryonic
WBGene00000871,C37A2.4,cye-1,TRUE,FALSE,FALSE,FALSE,FALSE,L3_High,Adult
WBGene00000931,C25A1.10,dao-5,FALSE,FALSE,FALSE,TRUE,FALSE,L3_High,Adult
WBGene00000970,C17G10.8,dhs-6,TRUE,FALSE,FALSE,FALSE,FALSE,Increasing,Embryonic
WBGene00001019,B0035.14,dnj-1,TRUE,FALSE,FALSE,FALSE,FALSE,Increasing,Embryonic
WBGene00001094,B0464.1,dars-1,TRUE,FALSE,FALSE,FALSE,FALSE,Increasing,Post-embryonic
WBGene00001193,C23H3.1,egl-26,TRUE,FALSE,FALSE,FALSE,FALSE,Increasing,Embryonic
WBGene00001228,B0511.10,eif-3.E,TRUE,FALSE,FALSE,FALSE,FALSE,L3_High,Adult
WBGene00001508,C10F3.6,fut-8,TRUE,FALSE,FALSE,FALSE,FALSE,L3_High,Embryonic
WBGene00001563,C05C8.4,gei-6,TRUE,FALSE,FALSE,FALSE,FALSE,Embryo_Specific,Embryonic
WBGene00001564,C05E4.9,icl-1,FALSE,TRUE,FALSE,TRUE,FALSE,Larval,L1
WBGene00001602,C45B2.5,gln-1,TRUE,FALSE,FALSE,FALSE,FALSE,Increasing,Post-embryonic
WBGene00001620,C12D12.2,glt-1,TRUE,FALSE,FALSE,FALSE,FALSE,Larval,Post-embryonic
WBGene00002007,C15H9.6,hsp-3,FALSE,FALSE,FALSE,TRUE,FALSE,Increasing,Post-embryonic
WBGene00002023,C09B8.6,hsp-25,FALSE,FALSE,TRUE,FALSE,FALSE,Increasing,Embryonic
WBGene00002146,C09B8.1,ipp-5,TRUE,FALSE,FALSE,FALSE,FALSE,Increasing,Embryonic
WBGene00002231,C02F5.1,knl-1,TRUE,FALSE,FALSE,FALSE,FALSE,L3_High,Adult
WBGene00002850,C16A3.3,let-716,FALSE,FALSE,TRUE,FALSE,FALSE,L3_High,Adult
WBGene00002855,C05D11.12,let-721,FALSE,FALSE,FALSE,TRUE,FALSE,Increasing,Adult
WBGene00002980,C32D5.9,lgg-1,FALSE,FALSE,TRUE,FALSE,FALSE,Increasing,Embryonic
WBGene00002982,B0336.8,lgg-3,FALSE,FALSE,TRUE,FALSE,FALSE,L3_High,Embryonic
WBGene00002985,C29A12.3,lig-1,TRUE,FALSE,FALSE,FALSE,FALSE,L3_High,Adult
WBGene00003010,B0001.1,lin-24,FALSE,FALSE,TRUE,FALSE,FALSE,Increasing,Embryonic
WBGene00003026,C12C8.3,lin-41,TRUE,FALSE,FALSE,FALSE,FALSE,L3_High,Post-embryonic
WBGene00003043,C05B10.1,lip-1,TRUE,FALSE,FALSE,FALSE,FALSE,Increasing,Embryonic
WBGene00003053,C03B1.12,lmp-1,FALSE,FALSE,TRUE,FALSE,TRUE,L3_High,Adult
WBGene00003096,C02A12.4,lys-7,FALSE,FALSE,TRUE,FALSE,TRUE,Larval,Post-embryonic
WBGene00003160,C50F4.11,mdf-1,TRUE,FALSE,FALSE,FALSE,FALSE,L3_High,Adult
WBGene00003214,C05D11.11,mel-32,FALSE,FALSE,FALSE,TRUE,FALSE,Increasing,Post-embryonic
WBGene00003526,C07D10.4,nas-7,FALSE,TRUE,FALSE,FALSE,FALSE,L3_High,Embryonic
WBGene00003640,C06C6.5,nhr-50,TRUE,FALSE,FALSE,FALSE,FALSE,Increasing,Embryonic
WBGene00003690,C28D4.1,nhr-100,FALSE,FALSE,TRUE,FALSE,FALSE,Larval,L1
WBGene00003695,C06G3.1,nhr-105,TRUE,FALSE,FALSE,FALSE,FALSE,Increasing,L1
WBGene00003769,B0213.6,nlp-31,FALSE,TRUE,TRUE,TRUE,FALSE,Embryo_Specific,L1
WBGene00003800,C03D6.4,npp-14,TRUE,FALSE,FALSE,FALSE,FALSE,L3_High,Adult
WBGene00003828,C07B5.5,nuc-1,FALSE,FALSE,FALSE,TRUE,TRUE,Larval,Post-embryonic
WBGene00003831,C09H10.3,nuo-1,TRUE,FALSE,FALSE,FALSE,FALSE,Increasing,Post-embryonic
WBGene00003870,C18E9.11,ooc-5,TRUE,FALSE,FALSE,FALSE,FALSE,Larval,Adult
WBGene00003931,C29F9.7,pat-4,TRUE,FALSE,TRUE,FALSE,FALSE,L3_High,Embryonic
WBGene00004059,C44B7.9,pmp-2,TRUE,TRUE,FALSE,TRUE,TRUE,Increasing,Embryonic
WBGene00004202,C37A5.9,pry-1,TRUE,FALSE,FALSE,FALSE,FALSE,L3_High,Embryonic
WBGene00004267,C18A3.6,rab-3,FALSE,FALSE,TRUE,FALSE,FALSE,L3_High,Embryonic
WBGene00004303,C29E4.3,ran-2,TRUE,FALSE,FALSE,FALSE,FALSE,Increasing,Post-embryonic
WBGene00004310,C44C11.1,ras-1,FALSE,FALSE,TRUE,FALSE,FALSE,Increasing,Embryonic
WBGene00004425,C32E8.2,rpl-13,FALSE,FALSE,TRUE,FALSE,FALSE,L3_High,Post-embryonic
WBGene00004426,C04F12.4,rpl-14,FALSE,FALSE,TRUE,FALSE,FALSE,L3_High,Post-embryonic
WBGene00004431,C09D4.5,rpl-19,FALSE,FALSE,TRUE,FALSE,FALSE,L3_High,L1
WBGene00004437,C03D6.8,rpl-24.2,FALSE,FALSE,TRUE,FALSE,FALSE,L3_High,Adult
WBGene00004443,B0513.3,rpl-29,FALSE,FALSE,TRUE,FALSE,FALSE,Increasing,Post-embryonic
WBGene00004452,C06B8.8,rpl-38,FALSE,FALSE,TRUE,FALSE,FALSE,Increasing,Post-embryonic
WBGene00004454,C09H10.2,rpl-36.A,FALSE,FALSE,TRUE,FALSE,FALSE,L3_High,L1
WBGene00004460,C30C11.2,rpn-3,FALSE,FALSE,TRUE,FALSE,FALSE,Increasing,Adult
WBGene00005007,C27B7.1,spr-2,TRUE,FALSE,TRUE,FALSE,FALSE,L3_High,Adult
WBGene00006404,C31C9.1,tag-10,TRUE,FALSE,TRUE,TRUE,TRUE,Larval,Post-embryonic
WBGene00006467,C01B7.4,magu-2,TRUE,FALSE,FALSE,FALSE,FALSE,Increasing,Embryonic
WBGene00006510,C01G6.6,mtrr-1,TRUE,FALSE,FALSE,FALSE,FALSE,L3_High,Adult
WBGene00006635,C25G6.2,tsp-9,TRUE,FALSE,FALSE,FALSE,FALSE,Increasing,Embryonic
WBGene00006724,C08B11.7,ubh-4,TRUE,FALSE,FALSE,FALSE,FALSE,L3_High,Post-embryonic
WBGene00006739,C41C4.6,ulp-4,TRUE,FALSE,FALSE,FALSE,FALSE,Increasing,Embryonic
WBGene00007107,B0035.4,pfd-4,TRUE,FALSE,TRUE,FALSE,FALSE,L3_High,Embryonic
WBGene00007112,B0035.13,B0035.13,FALSE,FALSE,FALSE,FALSE,TRUE,Increasing,Post-embryonic
WBGene00007129,B0272.3,B0272.3,FALSE,FALSE,TRUE,TRUE,FALSE,Increasing,Post-embryonic
WBGene00007130,B0272.4,B0272.4,FALSE,TRUE,FALSE,TRUE,FALSE,Increasing,Embryonic
WBGene00007131,B0284.1,pals-26,TRUE,FALSE,FALSE,FALSE,FALSE,L3_High,Embryonic
WBGene00007153,B0365.6,clec-41,FALSE,FALSE,FALSE,FALSE,TRUE,Increasing,Post-embryonic
WBGene00007185,B0464.3,nlp-36,TRUE,FALSE,TRUE,TRUE,FALSE,Increasing,Embryonic
WBGene00007186,B0464.6,B0464.6,TRUE,FALSE,FALSE,FALSE,FALSE,L3_High,Adult
WBGene00007219,C01A2.7,nlp-38,TRUE,FALSE,FALSE,FALSE,FALSE,Embryo_Specific,L1
WBGene00007223,C01F6.9,C01F6.9,TRUE,FALSE,TRUE,FALSE,FALSE,Increasing,Embryonic
WBGene00007228,C01G6.7,acs-7,TRUE,TRUE,TRUE,TRUE,FALSE,L3_High,Embryonic
WBGene00007333,C05C10.6,ufd-3,TRUE,FALSE,FALSE,FALSE,FALSE,Increasing,Adult
WBGene00007336,C05C12.4,C05C12.4,FALSE,FALSE,TRUE,TRUE,TRUE,Increasing,Post-embryonic
WBGene00007349,C05G5.3,C05G5.3,TRUE,FALSE,FALSE,FALSE,FALSE,L3_High,Embryonic
WBGene00007350,C05G5.4,sucl-1,TRUE,FALSE,FALSE,FALSE,FALSE,L3_High,Post-embryonic
WBGene00007362,C06B3.3,cyp-35C1,FALSE,TRUE,FALSE,TRUE,FALSE,L3_High,Post-embryonic
WBGene00007368,C06B8.2,C06B8.2,FALSE,FALSE,FALSE,TRUE,FALSE,Increasing,Embryonic
WBGene00007385,C06H2.1,atp-5,FALSE,FALSE,TRUE,FALSE,FALSE,Increasing,Post-embryonic
WBGene00007400,C07A9.2,bud-31,FALSE,FALSE,TRUE,FALSE,FALSE,L3_High,Adult
WBGene00007422,C08B6.1,ugt-17,TRUE,FALSE,FALSE,FALSE,TRUE,Increasing,Post-embryonic
WBGene00007429,C08B6.8,C08B6.8,TRUE,FALSE,FALSE,FALSE,FALSE,Increasing,Adult
WBGene00007455,C08F11.8,ugt-22,TRUE,TRUE,FALSE,TRUE,FALSE,Increasing,Post-embryonic
WBGene00007463,C08H9.2,vgln-1,FALSE,FALSE,FALSE,TRUE,FALSE,Larval,Post-embryonic
WBGene00007508,C10C5.4,C10C5.4,FALSE,TRUE,TRUE,TRUE,FALSE,Increasing,Adult
WBGene00007533,C12C8.2,cbl-1,TRUE,TRUE,FALSE,TRUE,TRUE,Increasing,Embryonic
WBGene00007565,C14A6.1,clec-48,FALSE,FALSE,FALSE,FALSE,TRUE,Larval,Post-embryonic
WBGene00007573,C14B1.2,C14B1.2,FALSE,FALSE,TRUE,FALSE,FALSE,L3_High,Adult
WBGene00007579,C14B1.8,C14B1.8,TRUE,FALSE,TRUE,FALSE,FALSE,L3_High,Adult
WBGene00007588,C14C10.5,C14C10.5,FALSE,FALSE,TRUE,FALSE,FALSE,Larval,Post-embryonic
WBGene00007599,C15A11.7,C15A11.7,TRUE,FALSE,FALSE,FALSE,FALSE,Increasing,Post-embryonic
WBGene00007605,C15C8.3,hrg-7,TRUE,FALSE,TRUE,TRUE,FALSE,Larval,Post-embryonic
WBGene00007609,C15C8.7,C15C8.7,FALSE,FALSE,FALSE,FALSE,TRUE,Increasing,L1
WBGene00007616,C15H11.8,rpoa-12,FALSE,FALSE,TRUE,FALSE,FALSE,L3_High,Adult
WBGene00007617,C15H11.9,rrbs-1,FALSE,FALSE,TRUE,FALSE,FALSE,L3_High,Post-embryonic
WBGene00007621,C16C2.4,C16C2.4,TRUE,FALSE,FALSE,FALSE,FALSE,Increasing,Adult
WBGene00007637,C17D12.1,dhhc-7,TRUE,FALSE,FALSE,FALSE,FALSE,Not_Changing,Adult
WBGene00007650,C17G1.3,ugt-23,TRUE,TRUE,TRUE,TRUE,TRUE,L3_High,Post-embryonic
WBGene00007653,C17G1.7,cysl-1,TRUE,TRUE,TRUE,FALSE,FALSE,L3_High,Embryonic
WBGene00007698,C24F3.4,qns-1,TRUE,FALSE,FALSE,FALSE,FALSE,Increasing,Post-embryonic
WBGene00007711,C25A1.12,lid-1,TRUE,FALSE,FALSE,FALSE,FALSE,Not_Changing,Adult
WBGene00007784,C27H6.2,ruvb-1,TRUE,FALSE,FALSE,FALSE,FALSE,Increasing,Adult
WBGene00007807,C29F3.7,C29F3.7,FALSE,FALSE,FALSE,TRUE,FALSE,Increasing,Post-embryonic
WBGene00007812,C29F7.3,C29F7.3,TRUE,FALSE,TRUE,TRUE,TRUE,Increasing,Embryonic
WBGene00007824,C30H6.7,dlat-2,FALSE,FALSE,TRUE,FALSE,FALSE,L3_High,Post-embryonic
WBGene00007867,C32H11.4,C32H11.4,TRUE,FALSE,FALSE,TRUE,TRUE,Larval,Embryonic
WBGene00007880,C33A12.1,C33A12.1,FALSE,FALSE,TRUE,FALSE,FALSE,L3_High,Post-embryonic
WBGene00007881,C33A12.2,nlp-35,TRUE,TRUE,FALSE,FALSE,FALSE,Embryo_Specific,Embryonic
WBGene00007923,C34C12.4,C34C12.4,TRUE,FALSE,FALSE,FALSE,FALSE,Increasing,Embryonic
WBGene00007927,C34C12.8,C34C12.8,FALSE,FALSE,TRUE,FALSE,FALSE,Not_Changing,Adult
WBGene00007942,C34F6.8,idh-2,TRUE,FALSE,FALSE,TRUE,FALSE,L3_High,Post-embryonic
WBGene00007952,C35A5.8,C35A5.8,TRUE,FALSE,FALSE,FALSE,FALSE,L3_High,Adult
WBGene00007969,C36A4.9,acs-19,FALSE,FALSE,TRUE,FALSE,FALSE,Increasing,Post-embryonic
WBGene00008034,C39E9.11,prcc-1,TRUE,FALSE,FALSE,FALSE,FALSE,L3_High,Adult
WBGene00008042,C40H1.7,C40H1.7,TRUE,FALSE,FALSE,FALSE,TRUE,Increasing,Post-embryonic
WBGene00008043,C40H1.8,C40H1.8,FALSE,FALSE,FALSE,FALSE,TRUE,Increasing,Post-embryonic
WBGene00008052,C41C4.7,ctns-1,TRUE,FALSE,FALSE,FALSE,FALSE,Not_Changing,Adult
WBGene00008053,C41C4.8,cdc-48.2,TRUE,FALSE,FALSE,FALSE,FALSE,Not_Changing,Post-embryonic
WBGene00008102,C44H9.7,C44H9.7,FALSE,FALSE,FALSE,TRUE,FALSE,L3_High,Embryonic
WBGene00008110,C46C2.2,C46C2.2,TRUE,FALSE,FALSE,FALSE,FALSE,Increasing,Embryonic
WBGene00008117,C46F11.2,gsr-1,TRUE,FALSE,FALSE,FALSE,FALSE,Larval,Post-embryonic
WBGene00008131,C47B2.2,C47B2.2,TRUE,FALSE,FALSE,FALSE,FALSE,Increasing,Adult
WBGene00008143,C47E8.4,C47E8.4,TRUE,FALSE,FALSE,FALSE,FALSE,L3_High,Adult
WBGene00008167,C48B4.1,acox-1.5,TRUE,FALSE,FALSE,TRUE,FALSE,Increasing,Post-embryonic
WBGene00008195,C49C3.5,ceh-88,TRUE,FALSE,TRUE,FALSE,FALSE,L3_High,Embryonic
WBGene00008197,C49C3.7,C49C3.7,TRUE,FALSE,FALSE,FALSE,FALSE,L3_High,Adult
WBGene00008220,C50B6.7,C50B6.7,TRUE,FALSE,FALSE,FALSE,FALSE,Increasing,Post-embryonic
WBGene00008226,C50B8.4,C50B8.4,TRUE,TRUE,TRUE,FALSE,TRUE,Larval,Embryonic
WBGene00008228,C50B8.6,C50B8.6,TRUE,FALSE,FALSE,FALSE,FALSE,Increasing,Embryonic
WBGene00014999,AH9.3,AH9.3,TRUE,FALSE,FALSE,FALSE,TRUE,L3_High,Embryonic
WBGene00015009,B0041.5,B0041.5,FALSE,FALSE,TRUE,FALSE,FALSE,L3_High,Adult
WBGene00015010,B0041.6,ptps-1,FALSE,FALSE,TRUE,FALSE,FALSE,Increasing,Embryonic
WBGene00015011,B0041.8,B0041.8,TRUE,FALSE,FALSE,FALSE,FALSE,L3_High,Adult
WBGene00015021,B0205.6,nfs-1,TRUE,FALSE,FALSE,FALSE,FALSE,L3_High,Adult
WBGene00015022,B0205.8,B0205.8,TRUE,FALSE,FALSE,FALSE,FALSE,Increasing,Adult
WBGene00015025,B0205.11,mrpl-9,TRUE,FALSE,FALSE,FALSE,FALSE,L3_High,Post-embryonic
WBGene00015047,B0218.1,faah-1,FALSE,FALSE,TRUE,FALSE,FALSE,Larval,L1
WBGene00015052,B0218.8,clec-52,TRUE,FALSE,TRUE,FALSE,TRUE,Increasing,Post-embryonic
WBGene00015064,B0228.7,B0228.7,TRUE,TRUE,TRUE,TRUE,FALSE,L3_High,Post-embryonic
WBGene00015115,B0286.1,B0286.1,TRUE,FALSE,FALSE,FALSE,FALSE,Increasing,Embryonic
WBGene00015116,B0286.3,paic-1,TRUE,FALSE,TRUE,FALSE,FALSE,Increasing,Post-embryonic
WBGene00015122,B0302.5,B0302.5,FALSE,TRUE,FALSE,FALSE,TRUE,Increasing,Embryonic
WBGene00015133,B0303.15,mrpl-11,TRUE,FALSE,TRUE,TRUE,FALSE,Increasing,Embryonic
WBGene00015141,B0310.5,ugt-46,FALSE,TRUE,FALSE,TRUE,FALSE,L3_High,L1
WBGene00015146,B0336.6,abi-1,TRUE,FALSE,FALSE,FALSE,FALSE,Larval,Adult
WBGene00015181,B0416.5,B0416.5,FALSE,FALSE,TRUE,FALSE,FALSE,Increasing,Embryonic
WBGene00015196,B0454.5,B0454.5,FALSE,FALSE,FALSE,TRUE,FALSE,Larval,Post-embryonic
WBGene00015205,B0495.6,moa-2,TRUE,FALSE,FALSE,FALSE,FALSE,L3_High,Embryonic
WBGene00015217,B0496.8,tes-1,TRUE,FALSE,FALSE,FALSE,FALSE,Increasing,Embryonic
WBGene00015248,B0546.1,mai-2,FALSE,FALSE,TRUE,FALSE,FALSE,Increasing,Adult
WBGene00015291,C01B12.8,C01B12.8,FALSE,FALSE,TRUE,FALSE,FALSE,L3_High,Post-embryonic
WBGene00015311,C01G5.9,C01G5.9,TRUE,FALSE,FALSE,FALSE,FALSE,L3_High,Embryonic
WBGene00015336,C02D5.2,C02D5.2,TRUE,FALSE,FALSE,FALSE,FALSE,Larval,Embryonic
WBGene00015400,C03G6.15,cyp-35A2,TRUE,TRUE,FALSE,TRUE,FALSE,Increasing,Post-embryonic
WBGene00015403,C03H5.1,clec-10,TRUE,FALSE,TRUE,FALSE,TRUE,Larval,Post-embryonic
WBGene00015469,C05D2.8,C05D2.8,TRUE,FALSE,FALSE,TRUE,FALSE,Increasing,Post-embryonic
WBGene00015480,C05D10.4,C05D10.4,FALSE,FALSE,TRUE,FALSE,FALSE,L3_High,Embryonic
WBGene00015488,C05D11.13,C05D11.13,FALSE,FALSE,TRUE,FALSE,FALSE,Increasing,Embryonic
WBGene00015510,C06A6.5,erp-44.2,TRUE,FALSE,FALSE,FALSE,FALSE,Increasing,Embryonic
WBGene00015561,C07A12.7,C07A12.7,FALSE,FALSE,TRUE,FALSE,FALSE,Increasing,Embryonic
WBGene00015565,C07D8.6,C07D8.6,TRUE,FALSE,TRUE,FALSE,TRUE,Increasing,Post-embryonic
WBGene00015569,C07D10.5,C07D10.5,TRUE,FALSE,FALSE,TRUE,FALSE,Increasing,Embryonic
WBGene00015577,C07G3.9,ugt-64,TRUE,FALSE,FALSE,FALSE,FALSE,L3_High,Adult
WBGene00015621,C09B7.2,C09B7.2,TRUE,FALSE,FALSE,FALSE,FALSE,Increasing,Embryonic
WBGene00015635,C09D4.4,C09D4.4,TRUE,FALSE,FALSE,FALSE,FALSE,Increasing,Adult
WBGene00015671,C10B5.3,C10B5.3,FALSE,TRUE,FALSE,FALSE,FALSE,L3_High,Embryonic
WBGene00015756,C14C6.2,C14C6.2,TRUE,FALSE,TRUE,FALSE,TRUE,Increasing,Post-embryonic
WBGene00015759,C14C6.5,C14C6.5,FALSE,FALSE,TRUE,FALSE,TRUE,Larval,Post-embryonic
WBGene00015777,C14F5.4,sfxn-2,TRUE,FALSE,FALSE,FALSE,FALSE,Increasing,Embryonic
WBGene00015779,C14F11.2,lrch-1,TRUE,FALSE,FALSE,FALSE,FALSE,Not_Changing,Embryonic
WBGene00015789,C15C7.1,syx-6,TRUE,FALSE,FALSE,FALSE,FALSE,Larval,Embryonic
WBGene00015790,C15C7.4,C15C7.4,TRUE,FALSE,FALSE,FALSE,FALSE,Larval,L1
WBGene00015793,C15C7.7,C15C7.7,TRUE,FALSE,FALSE,FALSE,TRUE,Increasing,Embryonic
WBGene00015803,C15H9.9,C15H9.9,FALSE,FALSE,TRUE,FALSE,FALSE,Larval,Embryonic
WBGene00015811,C16A3.6,C16A3.6,FALSE,FALSE,TRUE,FALSE,FALSE,Increasing,Adult
WBGene00015814,C16A3.10,oatr-1,TRUE,FALSE,TRUE,FALSE,FALSE,Increasing,Post-embryonic
WBGene00015823,C16B8.3,C16B8.3,TRUE,FALSE,TRUE,TRUE,FALSE,Increasing,Post-embryonic
WBGene00015866,C16E9.2,C16E9.2,TRUE,FALSE,FALSE,FALSE,FALSE,L3_High,Embryonic
WBGene00015887,C17C3.1,C17C3.1,TRUE,FALSE,TRUE,FALSE,FALSE,Increasing,Post-embryonic
WBGene00015906,C17E7.13,C17E7.13,FALSE,TRUE,FALSE,TRUE,FALSE,Increasing,Embryonic
WBGene00015933,C17H12.8,C17H12.8,TRUE,FALSE,FALSE,FALSE,TRUE,Increasing,Post-embryonic
WBGene00015938,C17H12.13,anat-1,FALSE,FALSE,TRUE,FALSE,FALSE,Increasing,Adult
WBGene00015949,C18A11.3,C18A11.3,FALSE,FALSE,FALSE,TRUE,FALSE,L3_High,Embryonic
WBGene00015955,C18B2.4,C18B2.4,FALSE,FALSE,TRUE,FALSE,FALSE,Increasing,L1
WBGene00016011,C23G10.2,C23G10.2,TRUE,FALSE,TRUE,FALSE,FALSE,Increasing,Post-embryonic
WBGene00016022,C23H3.9,C23H3.9,TRUE,FALSE,FALSE,FALSE,FALSE,Increasing,Embryonic
WBGene00016027,C23H5.8,C23H5.8,FALSE,FALSE,FALSE,FALSE,TRUE,Increasing,Post-embryonic
WBGene00016038,C24A8.4,cst-2,TRUE,FALSE,FALSE,FALSE,FALSE,L3_High,Embryonic
WBGene00016045,C24B5.2,spas-1,TRUE,FALSE,FALSE,FALSE,FALSE,L3_High,Adult
WBGene00016046,C24B5.4,C24B5.4,TRUE,FALSE,FALSE,TRUE,FALSE,Increasing,Embryonic
WBGene00016052,C24B9.9,dod-3,FALSE,TRUE,TRUE,TRUE,TRUE,Larval,L1
WBGene00016062,C24G6.8,C24G6.8,TRUE,FALSE,TRUE,FALSE,FALSE,L3_High,Adult
WBGene00016068,C24H10.2,C24H10.2,FALSE,FALSE,FALSE,TRUE,FALSE,L3_High,Embryonic
WBGene00016134,C26B9.5,C26B9.5,TRUE,FALSE,FALSE,TRUE,FALSE,Increasing,L1
WBGene00016144,C26E6.11,mmab-1,TRUE,FALSE,TRUE,FALSE,FALSE,Increasing,Post-embryonic
WBGene00016146,C26F1.1,C26F1.1,TRUE,TRUE,TRUE,TRUE,FALSE,L3_High,Embryonic
WBGene00016173,C27H5.3,fust-1,TRUE,FALSE,TRUE,FALSE,FALSE,Larval,Adult
WBGene00016194,C28H8.3,C28H8.3,FALSE,FALSE,TRUE,FALSE,FALSE,Increasing,Post-embryonic
WBGene00016195,C28H8.4,erd-2.2,FALSE,FALSE,FALSE,TRUE,FALSE,Not_Changing,Post-embryonic
WBGene00016204,C29E4.7,gsto-1,TRUE,FALSE,TRUE,FALSE,FALSE,Larval,Post-embryonic
WBGene00016218,C29F9.3,pals-23,FALSE,FALSE,TRUE,FALSE,TRUE,Larval,Embryonic
WBGene00016234,C29G2.6,C29G2.6,TRUE,FALSE,FALSE,FALSE,FALSE,Increasing,Embryonic
WBGene00016249,C30C11.1,mrpl-32,TRUE,FALSE,TRUE,FALSE,FALSE,Larval,Embryonic
WBGene00016266,C30F12.7,idhg-2,TRUE,FALSE,TRUE,FALSE,FALSE,Increasing,Post-embryonic
WBGene00016278,C30H7.2,erp-44.1,FALSE,FALSE,FALSE,TRUE,FALSE,Increasing,Embryonic
WBGene00016292,C31H2.1,tbc-7,TRUE,FALSE,FALSE,FALSE,FALSE,Increasing,Embryonic
WBGene00016316,C32D5.8,C32D5.8,FALSE,FALSE,TRUE,FALSE,FALSE,Increasing,Embryonic
WBGene00016318,C32D5.11,C32D5.11,TRUE,FALSE,FALSE,FALSE,FALSE,Larval,Embryonic
WBGene00016321,C32E8.3,tppp-1,FALSE,FALSE,TRUE,FALSE,FALSE,Not_Changing,Embryonic
WBGene00016323,C32E8.5,C32E8.5,FALSE,FALSE,TRUE,FALSE,FALSE,L3_High,Adult
WBGene00016332,C32F10.4,C32F10.4,TRUE,TRUE,TRUE,FALSE,FALSE,Increasing,Embryonic
WBGene00016379,C33H5.13,C33H5.13,TRUE,FALSE,TRUE,TRUE,TRUE,Increasing,Post-embryonic
WBGene00016393,C34B2.8,C34B2.8,FALSE,FALSE,TRUE,FALSE,FALSE,L3_High,Post-embryonic
WBGene00016404,C34D4.13,mutd-1,TRUE,FALSE,TRUE,FALSE,FALSE,Larval,Embryonic
WBGene00016408,C34E10.5,prmt-5,TRUE,FALSE,FALSE,FALSE,FALSE,Larval,Post-embryonic
WBGene00016412,C34E10.11,mrps-26,FALSE,FALSE,FALSE,TRUE,FALSE,L3_High,Adult
WBGene00016425,C34H4.2,C34H4.2,TRUE,FALSE,TRUE,FALSE,TRUE,Increasing,Post-embryonic
WBGene00016449,C35D10.13,tost-1,TRUE,FALSE,TRUE,FALSE,FALSE,L3_High,Embryonic
WBGene00016456,C35E7.4,C35E7.4,TRUE,FALSE,FALSE,FALSE,FALSE,Larval,Embryonic
WBGene00016494,C37A2.8,C37A2.8,FALSE,FALSE,TRUE,FALSE,FALSE,L3_High,Embryonic
WBGene00016542,C39H7.4,C39H7.4,TRUE,FALSE,FALSE,TRUE,TRUE,Larval,Embryonic
WBGene00016564,C41D11.5,cmt-1,TRUE,FALSE,FALSE,FALSE,FALSE,Increasing,Adult
WBGene00016590,C42C1.12,C42C1.12,TRUE,FALSE,TRUE,FALSE,FALSE,Increasing,Adult
WBGene00016594,C42D4.1,C42D4.1,TRUE,FALSE,TRUE,TRUE,FALSE,Increasing,Post-embryonic
WBGene00016611,C43G2.2,bicd-1,TRUE,FALSE,FALSE,FALSE,FALSE,Increasing,Embryonic
WBGene00016632,C44B7.12,adal-1,TRUE,FALSE,FALSE,FALSE,FALSE,Increasing,Adult
WBGene00016644,C44C1.5,abhd-3.2,TRUE,FALSE,FALSE,FALSE,TRUE,Increasing,Post-embryonic
WBGene00016653,C44E4.4,ssb-1,TRUE,FALSE,FALSE,FALSE,FALSE,L3_High,Adult
WBGene00016721,C46G7.1,C46G7.1,FALSE,TRUE,FALSE,TRUE,TRUE,L3_High,L1
WBGene00016738,C47D2.1,C47D2.1,TRUE,FALSE,FALSE,FALSE,FALSE,Increasing,L1
WBGene00016838,C50F2.4,C50F2.4,FALSE,TRUE,FALSE,FALSE,FALSE,Not_Changing,Embryonic
WBGene00023491,C17G1.8,tsp-21,TRUE,FALSE,FALSE,FALSE,FALSE,Increasing,Embryonic
WBGene00043156,C27F2.9,C27F2.9,TRUE,FALSE,FALSE,FALSE,FALSE,Not_Changing,Embryonic
WBGene00044291,C25F9.10,C25F9.10,TRUE,FALSE,FALSE,TRUE,TRUE,Increasing,Embryonic
WBGene00044326,C33H5.10,tag-322,TRUE,FALSE,FALSE,FALSE,FALSE,Increasing,Adult
WBGene00044608,C07G1.8,glrx-22,TRUE,FALSE,FALSE,FALSE,FALSE,L3_High,Embryonic
WBGene00045461,C25F9.14,C25F9.14,TRUE,FALSE,FALSE,FALSE,TRUE,Increasing,Embryonic
WBGene00050944,C14A11.9,C14A11.9,TRUE,FALSE,FALSE,FALSE,FALSE,Increasing,Embryonic
WBGene00000172,F40F9.9,aqp-4,TRUE,TRUE,FALSE,FALSE,FALSE,Increasing,Embryonic
WBGene00000219,F21F8.7,asp-6,FALSE,FALSE,FALSE,TRUE,FALSE,Increasing,Post-embryonic
WBGene00000248,C54C6.2,ben-1,TRUE,FALSE,FALSE,FALSE,FALSE,L3_High,Embryonic
WBGene00000263,F23H11.5,F23H11.5,FALSE,FALSE,TRUE,FALSE,FALSE,Increasing,Embryonic
WBGene00000266,C53B4.7,bre-1,TRUE,FALSE,TRUE,TRUE,TRUE,L3_High,Embryonic
WBGene00000298,F32G8.6,cat-4,TRUE,FALSE,TRUE,FALSE,TRUE,Larval,Post-embryonic
WBGene00000302,C56A3.7,cav-2,TRUE,TRUE,FALSE,TRUE,TRUE,Increasing,Embryonic
WBGene00000381,F01F1.8,cct-6,FALSE,FALSE,TRUE,FALSE,FALSE,Increasing,L1
WBGene00000397,F08B4.2,cdh-5,FALSE,FALSE,TRUE,FALSE,FALSE,L3_High,Embryonic
WBGene00000673,F14F7.1,col-98,TRUE,FALSE,FALSE,FALSE,FALSE,Increasing,Post-embryonic
WBGene00000781,C52E4.1,cpr-1,FALSE,FALSE,TRUE,FALSE,FALSE,Larval,Post-embryonic
WBGene00000899,F25E2.5,daf-3,TRUE,FALSE,FALSE,FALSE,FALSE,Increasing,Embryonic
WBGene00000988,F09E10.3,dhs-25,TRUE,FALSE,TRUE,FALSE,TRUE,Increasing,Post-embryonic
WBGene00001057,F01F1.5,dpf-4,TRUE,FALSE,FALSE,FALSE,FALSE,Larval,Post-embryonic
WBGene00001240,F11E6.5,elo-2,FALSE,FALSE,TRUE,FALSE,FALSE,Increasing,Post-embryonic
WBGene00001243,F41H10.7,elo-5,FALSE,FALSE,TRUE,FALSE,TRUE,Larval,Post-embryonic
WBGene00001244,F41H10.8,elo-6,FALSE,FALSE,TRUE,FALSE,FALSE,Increasing,Post-embryonic
WBGene00001303,F32D8.6,sec-61.G,FALSE,FALSE,TRUE,FALSE,FALSE,Increasing,Adult
WBGene00001331,F09B9.3,erd-2.1,FALSE,FALSE,TRUE,FALSE,FALSE,L3_High,Embryonic
WBGene00001371,F26H11.5,exl-1,FALSE,FALSE,TRUE,FALSE,FALSE,Increasing,Adult
WBGene00001426,F36H1.1,fkb-1,FALSE,FALSE,TRUE,FALSE,FALSE,L3_High,Embryonic
WBGene00001498,F22B5.9,fars-3,TRUE,FALSE,FALSE,FALSE,FALSE,L3_High,Post-embryonic
WBGene00001500,C54F6.14,ftn-1,TRUE,FALSE,TRUE,FALSE,FALSE,Increasing,L1
WBGene00001506,EGAP9.2,fut-2,FALSE,TRUE,FALSE,TRUE,TRUE,Increasing,Embryonic
WBGene00001754,F11G11.3,gst-6,TRUE,FALSE,TRUE,FALSE,TRUE,Increasing,Post-embryonic
WBGene00001851,F38A6.3,hif-1,FALSE,FALSE,TRUE,FALSE,FALSE,Increasing,L1
WBGene00001983,E04A4.4,hoe-1,TRUE,FALSE,FALSE,FALSE,FALSE,Larval,Adult
WBGene00002055,F37B4.2,ifc-1,TRUE,FALSE,TRUE,FALSE,TRUE,Larval,Post-embryonic
WBGene00002075,F28B3.8,imb-1,TRUE,FALSE,FALSE,FALSE,FALSE,L3_High,Adult
WBGene00002124,F08G12.10,inx-2,FALSE,FALSE,FALSE,TRUE,FALSE,L3_High,Embryonic
WBGene00002169,F37A4.8,isw-1,TRUE,FALSE,FALSE,FALSE,FALSE,Increasing,Adult
WBGene00002241,F10C2.2,kup-1,FALSE,FALSE,TRUE,FALSE,FALSE,L3_High,Adult
WBGene00002255,F40F4.4,lbp-3,FALSE,TRUE,TRUE,TRUE,FALSE,Increasing,Embryonic
WBGene00002632,F26D11.11,let-413,FALSE,FALSE,FALSE,TRUE,FALSE,Increasing,Embryonic
WBGene00003235,C52E4.2,mif-2,TRUE,FALSE,TRUE,FALSE,FALSE,Increasing,Embryonic
WBGene00003607,F33D4.1,nhr-8,TRUE,TRUE,TRUE,TRUE,TRUE,Increasing,Embryonic
WBGene00003958,F23B2.11,pcp-3,TRUE,FALSE,FALSE,TRUE,FALSE,Increasing,Embryonic
WBGene00003990,F35C8.6,pfn-2,FALSE,FALSE,TRUE,FALSE,FALSE,Increasing,Embryonic
WBGene00004020,EGAP2.3,pho-1,TRUE,FALSE,FALSE,TRUE,TRUE,Larval,Post-embryonic
WBGene00004056,F42G8.3,pmk-2,TRUE,FALSE,FALSE,FALSE,FALSE,Increasing,Embryonic
WBGene00004096,F40F8.7,pqm-1,TRUE,TRUE,TRUE,TRUE,FALSE,Increasing,L1
WBGene00004186,F22D6.5,prpf-4,TRUE,FALSE,FALSE,FALSE,FALSE,L3_High,Post-embryonic
WBGene00004204,F01G4.1,swsn-4,FALSE,FALSE,TRUE,FALSE,FALSE,Increasing,Embryonic
WBGene00004205,F29B9.4,psr-1,TRUE,FALSE,FALSE,FALSE,FALSE,Increasing,Adult
WBGene00004258,D2023.2,pyc-1,FALSE,FALSE,FALSE,TRUE,FALSE,Increasing,Post-embryonic
WBGene00004317,F20D1.6,rbg-1,TRUE,FALSE,FALSE,FALSE,FALSE,Increasing,Embryonic
WBGene00004337,C54G10.2,rfc-1,TRUE,FALSE,FALSE,FALSE,FALSE,Larval,Adult
WBGene00004423,F07D10.1,rpl-11.2,FALSE,FALSE,TRUE,FALSE,FALSE,L3_High,L1
WBGene00004447,F10E7.7,rpl-33,FALSE,FALSE,TRUE,FALSE,FALSE,L3_High,L1
WBGene00004478,F40F8.10,rps-9,FALSE,FALSE,TRUE,FALSE,FALSE,L3_High,L1
WBGene00004492,F28D1.7,rps-23,FALSE,FALSE,TRUE,FALSE,FALSE,L3_High,L1
WBGene00004495,F39B2.6,rps-26,FALSE,FALSE,TRUE,FALSE,FALSE,L3_High,Post-embryonic
WBGene00004501,C52E4.4,rpt-1,TRUE,FALSE,FALSE,FALSE,FALSE,L3_High,Post-embryonic
WBGene00004704,D2089.1,rsp-7,FALSE,FALSE,TRUE,FALSE,FALSE,L3_High,Adult
WBGene00004755,F12F6.6,sec-24.1,TRUE,FALSE,FALSE,FALSE,FALSE,Larval,Embryonic
WBGene00004788,C54H2.5,sft-4,FALSE,FALSE,TRUE,FALSE,FALSE,Increasing,Embryonic
WBGene00004898,F23H12.1,snb-2,TRUE,FALSE,FALSE,FALSE,TRUE,L3_High,Post-embryonic
WBGene00004917,C52E4.3,snr-4,TRUE,FALSE,FALSE,FALSE,FALSE,Increasing,Embryonic
WBGene00004931,F10D11.1,sod-2,TRUE,FALSE,FALSE,FALSE,FALSE,Increasing,Post-embryonic
WBGene00005003,F27C8.4,spp-18,TRUE,FALSE,TRUE,TRUE,FALSE,Larval,Post-embryonic
WBGene00006407,F25H5.1,lim-9,FALSE,FALSE,TRUE,FALSE,FALSE,Larval,Embryonic
WBGene00006432,F33C8.1,atrn-1,TRUE,FALSE,FALSE,FALSE,FALSE,Increasing,Post-embryonic
WBGene00006517,E02H4.3,madd-3,TRUE,FALSE,FALSE,FALSE,FALSE,Increasing,Embryonic
WBGene00006574,DY3.1,tin-13,FALSE,FALSE,TRUE,FALSE,FALSE,Not_Changing,Adult
WBGene00006578,F25H2.1,tli-1,TRUE,FALSE,FALSE,FALSE,TRUE,L3_High,Embryonic
WBGene00006626,F10G7.2,tsn-1,FALSE,FALSE,FALSE,TRUE,FALSE,Increasing,Post-embryonic
WBGene00006715,F40G9.3,ubc-20,FALSE,FALSE,TRUE,FALSE,FALSE,L3_High,Adult
WBGene00006730,F39B2.2,uev-1,FALSE,FALSE,TRUE,FALSE,FALSE,Increasing,Adult
WBGene00006732,F26H9.7,uev-3,TRUE,FALSE,FALSE,FALSE,FALSE,Larval,Adult
WBGene00006817,F10G7.3,unc-85,TRUE,FALSE,TRUE,FALSE,FALSE,Increasing,Adult
WBGene00006831,C52E12.2,unc-104,TRUE,FALSE,FALSE,FALSE,FALSE,L3_High,Embryonic
WBGene00008237,C50F4.14,nstp-10,TRUE,FALSE,FALSE,FALSE,FALSE,L3_High,Embryonic
WBGene00008255,C51E3.10,C51E3.10,TRUE,TRUE,FALSE,FALSE,TRUE,Increasing,Embryonic
WBGene00008258,C52E4.5,mans-2,TRUE,FALSE,FALSE,FALSE,FALSE,Increasing,Embryonic
WBGene00008262,C53A5.1,ril-1,FALSE,FALSE,TRUE,FALSE,FALSE,L3_High,Post-embryonic
WBGene00008263,C53A5.2,C53A5.2,TRUE,FALSE,FALSE,FALSE,FALSE,Increasing,Embryonic
WBGene00008277,C53B4.8,mltn-12,FALSE,FALSE,TRUE,FALSE,FALSE,Embryo_Specific,Embryonic
WBGene00008338,C55A6.9,pafo-1,TRUE,FALSE,FALSE,FALSE,FALSE,L3_High,Adult
WBGene00008341,C56A3.2,ttr-44,FALSE,FALSE,FALSE,TRUE,FALSE,Increasing,Embryonic
WBGene00008354,D1025.2,gcsh-1,TRUE,FALSE,FALSE,TRUE,FALSE,Increasing,Adult
WBGene00008408,D2023.4,D2023.4,FALSE,FALSE,TRUE,FALSE,FALSE,Increasing,Post-embryonic
WBGene00008415,D2030.5,mce-1,FALSE,FALSE,TRUE,FALSE,FALSE,Increasing,L1
WBGene00008436,DH11.2,DH11.2,TRUE,FALSE,TRUE,FALSE,FALSE,Larval,Post-embryonic
WBGene00008438,DH11.5,DH11.5,TRUE,FALSE,FALSE,FALSE,FALSE,L3_High,L1
WBGene00008477,E03H4.10,clec-17,TRUE,FALSE,FALSE,TRUE,TRUE,Increasing,Embryonic
WBGene00008492,F01D5.1,F01D5.1,TRUE,FALSE,TRUE,TRUE,TRUE,Larval,Post-embryonic
WBGene00008499,F01D5.9,cyp-37A1,TRUE,FALSE,FALSE,TRUE,FALSE,Increasing,Post-embryonic
WBGene00008506,F01G10.1,tkt-1,FALSE,FALSE,TRUE,TRUE,FALSE,Increasing,Post-embryonic
WBGene00008519,F02C12.5,cyp-13B1,FALSE,FALSE,FALSE,TRUE,FALSE,Increasing,Embryonic
WBGene00008528,F02E9.1,F02E9.1,TRUE,FALSE,TRUE,FALSE,FALSE,L3_High,Embryonic
WBGene00008542,F07A5.3,scav-6,TRUE,TRUE,TRUE,TRUE,TRUE,Larval,Embryonic
WBGene00008563,F07H5.13,F07H5.13,FALSE,FALSE,FALSE,TRUE,FALSE,Increasing,Embryonic
WBGene00008564,F08A8.1,acox-1.1,TRUE,FALSE,FALSE,TRUE,TRUE,L3_High,Post-embryonic
WBGene00008567,F08A8.4,acox-1.4,TRUE,FALSE,FALSE,FALSE,FALSE,Larval,Post-embryonic
WBGene00008582,F08G5.3,F08G5.3,TRUE,FALSE,FALSE,FALSE,FALSE,Increasing,Embryonic
WBGene00008584,F08G5.6,irg-4,FALSE,FALSE,FALSE,FALSE,TRUE,Increasing,Post-embryonic
WBGene00008642,F10B5.8,ints-11,TRUE,FALSE,FALSE,FALSE,FALSE,Increasing,Adult
WBGene00008645,F10C2.4,F10C2.4,TRUE,FALSE,FALSE,FALSE,FALSE,L3_High,Adult
WBGene00008681,F11A6.2,scrm-4,FALSE,FALSE,TRUE,FALSE,FALSE,Increasing,Embryonic
WBGene00008687,F11A10.6,F11A10.6,TRUE,FALSE,FALSE,FALSE,FALSE,Increasing,Embryonic
WBGene00008742,F13D12.8,F13D12.8,FALSE,FALSE,TRUE,FALSE,FALSE,Increasing,Embryonic
WBGene00008765,F13G3.5,ttx-7,TRUE,FALSE,FALSE,FALSE,FALSE,Increasing,Post-embryonic
WBGene00008768,F13G3.10,F13G3.10,FALSE,FALSE,TRUE,FALSE,FALSE,Increasing,Post-embryonic
WBGene00008803,F14E5.5,lips-10,FALSE,TRUE,FALSE,FALSE,FALSE,Increasing,L1
WBGene00008865,F15G9.1,F15G9.1,TRUE,FALSE,TRUE,FALSE,FALSE,L3_High,Embryonic
WBGene00008880,F16B12.4,F16B12.4,TRUE,FALSE,FALSE,FALSE,FALSE,Increasing,Embryonic
WBGene00008891,F16H6.1,clec-42,TRUE,FALSE,FALSE,FALSE,TRUE,Larval,L1
WBGene00008905,F17B5.1,F17B5.1,TRUE,FALSE,FALSE,FALSE,FALSE,Larval,Post-embryonic
WBGene00008915,F17C11.4,F17C11.4,FALSE,FALSE,TRUE,FALSE,FALSE,Increasing,L1
WBGene00008917,F17C11.6,F17C11.6,TRUE,FALSE,FALSE,FALSE,TRUE,Increasing,Embryonic
WBGene00008948,F19B6.1,F19B6.1,TRUE,FALSE,FALSE,FALSE,FALSE,Increasing,Adult
WBGene00008973,F20D1.1,F20D1.1,FALSE,FALSE,TRUE,FALSE,FALSE,L3_High,Post-embryonic
WBGene00008974,F20D1.2,tbc-1,TRUE,FALSE,FALSE,FALSE,FALSE,L3_High,Embryonic
WBGene00008975,F20D1.3,F20D1.3,FALSE,FALSE,TRUE,FALSE,FALSE,L3_High,Embryonic
WBGene00009004,F21C3.5,pfd-6,FALSE,FALSE,TRUE,FALSE,FALSE,Increasing,Embryonic
WBGene00009006,F21D5.1,F21D5.1,TRUE,FALSE,TRUE,FALSE,FALSE,L3_High,Adult
WBGene00009012,F21D5.7,F21D5.7,TRUE,FALSE,FALSE,FALSE,FALSE,Increasing,Adult
WBGene00009057,F22E10.5,cept-1,TRUE,TRUE,FALSE,FALSE,FALSE,Increasing,Post-embryonic
WBGene00009119,F25H2.5,ndk-1,FALSE,FALSE,TRUE,FALSE,FALSE,Increasing,Post-embryonic
WBGene00009162,F26E4.7,F26E4.7,TRUE,FALSE,FALSE,FALSE,FALSE,Increasing,Embryonic
WBGene00009165,F26E4.12,gpx-1,TRUE,FALSE,TRUE,FALSE,TRUE,Increasing,Embryonic
WBGene00009187,F27D4.1,F27D4.1,FALSE,FALSE,TRUE,FALSE,FALSE,L3_High,Post-embryonic
WBGene00009189,F27D4.4,F27D4.4,TRUE,FALSE,FALSE,FALSE,FALSE,L3_High,Post-embryonic
WBGene00009211,F28D1.1,wdr-46,TRUE,FALSE,FALSE,FALSE,FALSE,L3_High,Post-embryonic
WBGene00009212,F28D1.2,atz-1,FALSE,FALSE,FALSE,TRUE,FALSE,Increasing,Embryonic
WBGene00009237,F28H7.3,F28H7.3,TRUE,FALSE,TRUE,FALSE,TRUE,Increasing,Post-embryonic
WBGene00009262,F30A10.3,F30A10.3,TRUE,FALSE,FALSE,FALSE,FALSE,Increasing,Embryonic
WBGene00009272,F30F8.3,gras-1,FALSE,FALSE,TRUE,FALSE,FALSE,Increasing,Adult
WBGene00009277,F30F8.10,F30F8.10,TRUE,FALSE,FALSE,FALSE,FALSE,Larval,Embryonic
WBGene00009347,F32H5.1,F32H5.1,TRUE,FALSE,TRUE,TRUE,FALSE,Larval,Post-embryonic
WBGene00009367,F33H2.3,F33H2.3,FALSE,FALSE,TRUE,FALSE,FALSE,L3_High,Embryonic
WBGene00009369,F33H2.6,F33H2.6,TRUE,FALSE,FALSE,TRUE,FALSE,Increasing,Post-embryonic
WBGene00009393,F35C5.5,clec-62,TRUE,FALSE,FALSE,FALSE,TRUE,Increasing,Post-embryonic
WBGene00009396,F35C5.8,clec-65,TRUE,FALSE,TRUE,FALSE,TRUE,Increasing,Post-embryonic
WBGene00009397,F35C5.9,clec-66,TRUE,FALSE,FALSE,TRUE,TRUE,Increasing,Embryonic
WBGene00009429,F35E12.5,irg-5,FALSE,FALSE,FALSE,FALSE,TRUE,Increasing,Post-embryonic
WBGene00009430,F35E12.6,F35E12.6,TRUE,FALSE,TRUE,FALSE,TRUE,Larval,Post-embryonic
WBGene00009434,F35E12.10,F35E12.10,TRUE,FALSE,FALSE,FALSE,FALSE,Larval,Post-embryonic
WBGene00009436,F35G2.2,marb-1,TRUE,FALSE,TRUE,FALSE,FALSE,Increasing,Post-embryonic
WBGene00009448,F35H8.3,zfp-2,FALSE,FALSE,TRUE,FALSE,FALSE,L3_High,Adult
WBGene00009450,F35H8.6,ugt-58,TRUE,FALSE,FALSE,FALSE,FALSE,L3_High,Post-embryonic
WBGene00009454,F36A2.7,F36A2.7,FALSE,FALSE,TRUE,FALSE,FALSE,L3_High,Post-embryonic
WBGene00009482,F36G3.1,F36G3.1,TRUE,FALSE,FALSE,FALSE,FALSE,Increasing,Embryonic
WBGene00009503,F37A8.5,F37A8.5,TRUE,FALSE,FALSE,FALSE,FALSE,Increasing,Embryonic
WBGene00009518,F38A1.5,clec-166,TRUE,FALSE,FALSE,FALSE,TRUE,Increasing,Post-embryonic
WBGene00009531,F38B2.4,F38B2.4,FALSE,FALSE,TRUE,FALSE,FALSE,L3_High,Post-embryonic
WBGene00009565,F39H11.1,F39H11.1,TRUE,FALSE,FALSE,FALSE,FALSE,L3_High,Adult
WBGene00009620,F41E7.4,fip-5,TRUE,FALSE,FALSE,FALSE,FALSE,Not_Changing,L1
WBGene00009627,F42A8.3,cup-15,TRUE,FALSE,FALSE,FALSE,FALSE,L3_High,Adult
WBGene00016844,C50F7.4,sucg-1,TRUE,FALSE,FALSE,FALSE,FALSE,L3_High,Adult
WBGene00016871,C52B11.2,inso-1,TRUE,FALSE,FALSE,FALSE,FALSE,L3_High,Embryonic
WBGene00016892,C53A3.2,pgph-3,TRUE,FALSE,FALSE,FALSE,FALSE,Increasing,Embryonic
WBGene00016893,C53B7.2,C53B7.2,TRUE,FALSE,FALSE,FALSE,FALSE,Embryo_Specific,Adult
WBGene00016912,C54D1.2,clec-86,FALSE,FALSE,TRUE,FALSE,TRUE,Larval,Post-embryonic
WBGene00016913,C54D1.5,lam-2,FALSE,FALSE,FALSE,TRUE,FALSE,Embryo_Specific,Embryonic
WBGene00016990,CD4.4,vps-37,FALSE,FALSE,TRUE,FALSE,FALSE,L3_High,Adult
WBGene00017004,D1007.7,nrd-1,TRUE,FALSE,FALSE,FALSE,FALSE,Increasing,Embryonic
WBGene00017023,D1022.4,D1022.4,TRUE,FALSE,TRUE,TRUE,TRUE,L3_High,Adult
WBGene00017045,D2007.5,atg-13,FALSE,FALSE,TRUE,FALSE,FALSE,Increasing,Embryonic
WBGene00017119,E04A4.5,timm-17B.1,FALSE,FALSE,TRUE,FALSE,FALSE,Not_Changing,Adult
WBGene00017120,E04A4.6,tctn-1,FALSE,FALSE,TRUE,FALSE,FALSE,Increasing,Embryonic
WBGene00017121,E04A4.7,cyc-2.1,FALSE,FALSE,TRUE,FALSE,FALSE,L3_High,Embryonic
WBGene00017123,E04F6.3,maoc-1,TRUE,TRUE,TRUE,TRUE,TRUE,L3_High,Embryonic
WBGene00017125,E04F6.5,acdh-12,TRUE,FALSE,FALSE,TRUE,FALSE,Larval,Adult
WBGene00017162,F01F1.7,ddx-23,TRUE,FALSE,FALSE,FALSE,FALSE,Larval,Adult
WBGene00017163,F01F1.9,dnpp-1,TRUE,FALSE,FALSE,TRUE,FALSE,L3_High,Post-embryonic
WBGene00017166,F01F1.12,aldo-2,FALSE,FALSE,TRUE,TRUE,FALSE,Increasing,Post-embryonic
WBGene00017184,F02G3.1,ncam-1,FALSE,TRUE,FALSE,TRUE,FALSE,Embryo_Specific,Embryonic
WBGene00017210,F07E5.5,F07E5.5,TRUE,FALSE,FALSE,FALSE,FALSE,Increasing,L1
WBGene00017238,F08B4.7,F08B4.7,TRUE,FALSE,TRUE,FALSE,FALSE,Increasing,Embryonic
WBGene00017240,F08B6.3,calu-2,TRUE,FALSE,FALSE,FALSE,FALSE,L3_High,Embryonic
WBGene00017244,F08C6.6,apy-1,TRUE,FALSE,TRUE,TRUE,FALSE,Increasing,Post-embryonic
WBGene00017269,F08F8.4,F08F8.4,TRUE,FALSE,FALSE,FALSE,FALSE,L3_High,Adult
WBGene00017273,F08F8.8,gos-28,TRUE,FALSE,FALSE,FALSE,FALSE,Increasing,Embryonic
WBGene00017286,F09E5.8,F09E5.8,TRUE,FALSE,TRUE,FALSE,FALSE,L3_High,Post-embryonic
WBGene00017289,F09E5.11,F09E5.11,FALSE,FALSE,TRUE,FALSE,TRUE,L3_High,Embryonic
WBGene00017291,F09E5.14,F09E5.14,TRUE,FALSE,FALSE,FALSE,FALSE,L3_High,L1
WBGene00017300,F09F7.3,rpc-2,TRUE,FALSE,FALSE,FALSE,FALSE,Larval,Adult
WBGene00017326,F10C1.5,dmd-5,FALSE,FALSE,TRUE,FALSE,FALSE,Increasing,Embryonic
WBGene00017340,F10D7.3,F10D7.3,TRUE,FALSE,FALSE,TRUE,FALSE,Increasing,Post-embryonic
WBGene00017374,F10G7.11,ttr-41,TRUE,TRUE,FALSE,TRUE,FALSE,Increasing,Embryonic
WBGene00017385,F11G11.5,F11G11.5,FALSE,FALSE,TRUE,FALSE,FALSE,Not_Changing,Embryonic
WBGene00017437,F13H8.4,nmgp-1,TRUE,FALSE,TRUE,FALSE,FALSE,Larval,Embryonic
WBGene00017445,F14B8.2,sid-5,FALSE,FALSE,TRUE,FALSE,TRUE,Increasing,Embryonic
WBGene00017448,F14B8.6,F14B8.6,TRUE,TRUE,TRUE,TRUE,TRUE,Increasing,Embryonic
WBGene00017480,F15B10.1,nstp-2,TRUE,FALSE,FALSE,FALSE,FALSE,L3_High,Post-embryonic
WBGene00017490,F15E11.1,pud-2.1,FALSE,FALSE,TRUE,FALSE,FALSE,Increasing,Post-embryonic
WBGene00017498,F15E11.12,pud-4,FALSE,FALSE,FALSE,TRUE,FALSE,Increasing,Post-embryonic
WBGene00017500,F15E11.14,pud-2.2,TRUE,FALSE,FALSE,FALSE,FALSE,Increasing,Post-embryonic
WBGene00017501,F15E11.15,pud-3,FALSE,FALSE,FALSE,TRUE,FALSE,Larval,Post-embryonic
WBGene00017536,F17A9.4,F17A9.4,TRUE,FALSE,FALSE,FALSE,FALSE,Increasing,Embryonic
WBGene00017565,F18E3.7,ddo-2,FALSE,FALSE,TRUE,FALSE,FALSE,Larval,Post-embryonic
WBGene00017574,F18F11.1,pxmp-4,TRUE,FALSE,FALSE,TRUE,TRUE,Increasing,Embryonic
WBGene00017591,F19C7.1,F19C7.1,FALSE,FALSE,TRUE,TRUE,TRUE,Increasing,Post-embryonic
WBGene00017592,F19C7.2,F19C7.2,TRUE,FALSE,FALSE,FALSE,TRUE,Increasing,Post-embryonic
WBGene00017640,F20D6.11,F20D6.11,TRUE,FALSE,FALSE,FALSE,TRUE,Increasing,Embryonic
WBGene00017641,F20D12.1,csr-1,TRUE,FALSE,FALSE,FALSE,FALSE,L3_High,Adult
WBGene00017643,F20D12.4,czw-1,TRUE,FALSE,FALSE,FALSE,FALSE,L3_High,Adult
WBGene00017659,F21C10.10,F21C10.10,FALSE,FALSE,TRUE,FALSE,FALSE,Increasing,Embryonic
WBGene00017675,F21F3.6,F21F3.6,FALSE,FALSE,TRUE,FALSE,FALSE,Increasing,L1
WBGene00017678,F21F8.4,asp-12,TRUE,FALSE,TRUE,FALSE,TRUE,Larval,Post-embryonic
WBGene00017688,F22A3.2,ttr-35,TRUE,FALSE,FALSE,FALSE,FALSE,L3_High,Embryonic
WBGene00017719,F22F7.1,ldp-1,TRUE,FALSE,FALSE,FALSE,FALSE,Increasing,Post-embryonic
WBGene00017727,F22H10.3,F22H10.3,TRUE,FALSE,TRUE,FALSE,FALSE,Increasing,Post-embryonic
WBGene00017734,F23C8.5,F23C8.5,FALSE,FALSE,TRUE,FALSE,FALSE,L3_High,Post-embryonic
WBGene00017735,F23C8.6,did-2,FALSE,FALSE,TRUE,FALSE,FALSE,Not_Changing,Embryonic
WBGene00017742,F23F1.1,nfyc-1,TRUE,FALSE,FALSE,FALSE,FALSE,Increasing,Embryonic
WBGene00017765,F25B4.1,gcst-1,TRUE,FALSE,FALSE,TRUE,TRUE,L3_High,Post-embryonic
WBGene00017775,F25B5.3,F25B5.3,FALSE,FALSE,TRUE,FALSE,FALSE,Increasing,Post-embryonic
WBGene00017780,F25E2.2,F25E2.2,FALSE,FALSE,TRUE,FALSE,FALSE,Increasing,Adult
WBGene00017789,F25E5.8,F25E5.8,FALSE,FALSE,TRUE,FALSE,FALSE,Larval,Post-embryonic
WBGene00017825,F26F4.1,cee-1,TRUE,FALSE,FALSE,FALSE,FALSE,Increasing,Adult
WBGene00017830,F26F4.11,rpb-8,FALSE,FALSE,TRUE,FALSE,FALSE,Not_Changing,Adult
WBGene00017874,F28A10.6,acdh-9,TRUE,FALSE,TRUE,TRUE,FALSE,Larval,Post-embryonic
WBGene00017901,F28E10.2,igeg-1,TRUE,FALSE,FALSE,FALSE,FALSE,Increasing,L1
WBGene00017920,F29B9.2,jmjd-1.2,FALSE,FALSE,TRUE,FALSE,FALSE,L3_High,Embryonic
WBGene00017925,F29B9.11,F29B9.11,FALSE,FALSE,TRUE,FALSE,FALSE,Larval,Adult
WBGene00017926,F29C4.2,cox-6C,FALSE,FALSE,TRUE,FALSE,FALSE,L3_High,Post-embryonic
WBGene00017954,F31E8.4,F31E8.4,TRUE,FALSE,FALSE,TRUE,FALSE,L3_High,Embryonic
WBGene00017964,F31F7.1,F31F7.1,FALSE,FALSE,TRUE,FALSE,FALSE,Increasing,Post-embryonic
WBGene00017969,F32A5.3,ctsa-3.1,TRUE,FALSE,TRUE,TRUE,TRUE,Larval,Embryonic
WBGene00017971,F32A5.8,F32A5.8,TRUE,FALSE,FALSE,TRUE,TRUE,Increasing,Embryonic
WBGene00017993,F32E10.6,cec-5,TRUE,FALSE,FALSE,FALSE,FALSE,Increasing,Embryonic
WBGene00017996,F33D4.4,F33D4.4,FALSE,FALSE,FALSE,FALSE,TRUE,Increasing,Adult
WBGene00017997,F33D4.5,mrpl-1,FALSE,FALSE,TRUE,FALSE,FALSE,L3_High,Adult
WBGene00017999,F33D4.7,emc-6,TRUE,FALSE,FALSE,FALSE,FALSE,Increasing,Embryonic
WBGene00018006,F33D11.9,gpaa-1,FALSE,FALSE,TRUE,FALSE,FALSE,Increasing,Adult
WBGene00018008,F33D11.11,vpr-1,TRUE,FALSE,FALSE,FALSE,FALSE,L3_High,Adult
WBGene00018018,F33G12.6,F33G12.6,TRUE,FALSE,FALSE,FALSE,FALSE,Not_Changing,Embryonic
WBGene00018146,F37C4.6,F37C4.6,TRUE,TRUE,FALSE,TRUE,TRUE,Increasing,Post-embryonic
WBGene00018150,F37C12.2,epg-4,FALSE,FALSE,TRUE,FALSE,FALSE,Increasing,Embryonic
WBGene00018181,F38E1.9,mpdu-1,TRUE,FALSE,TRUE,FALSE,FALSE,L3_High,Adult
WBGene00018195,F39E9.2,btb-16,TRUE,FALSE,TRUE,FALSE,TRUE,Larval,Post-embryonic
WBGene00018242,F40G9.6,F40G9.6,FALSE,FALSE,FALSE,TRUE,FALSE,Not_Changing,Embryonic
WBGene00018286,F41E6.5,F41E6.5,TRUE,TRUE,FALSE,FALSE,FALSE,L3_High,Adult
WBGene00018290,F41E6.9,vps-60,FALSE,FALSE,TRUE,FALSE,FALSE,Increasing,Adult
WBGene00018339,F42A10.1,abcf-3,TRUE,FALSE,FALSE,FALSE,FALSE,Larval,Post-embryonic
WBGene00018341,F42A10.5,F42A10.5,TRUE,FALSE,FALSE,FALSE,FALSE,Increasing,Post-embryonic
WBGene00018342,F42A10.6,F42A10.6,TRUE,FALSE,FALSE,TRUE,TRUE,Larval,Post-embryonic
WBGene00044071,D2021.2,dhhc-14,TRUE,FALSE,FALSE,FALSE,FALSE,Increasing,Embryonic
WBGene00044666,F33G12.7,F33G12.7,TRUE,FALSE,FALSE,FALSE,FALSE,Not_Changing,Embryonic
WBGene00045245,F09A5.9,ttr-34,TRUE,FALSE,FALSE,FALSE,TRUE,Increasing,Adult
WBGene00077701,E01A2.10,poml-3,TRUE,FALSE,FALSE,FALSE,FALSE,Increasing,Post-embryonic
WBGene00000018,M79.1,abl-1,TRUE,FALSE,FALSE,FALSE,FALSE,Increasing,Embryonic
WBGene00000079,H15N14.1,adr-1,TRUE,FALSE,FALSE,FALSE,FALSE,L3_High,Embryonic
WBGene00000098,K07C11.2,air-1,FALSE,FALSE,FALSE,TRUE,FALSE,Not_Changing,Adult
WBGene00000107,F54D8.3,alh-1,FALSE,FALSE,TRUE,TRUE,FALSE,Increasing,Post-embryonic
WBGene00000122,M18.7,aly-3,FALSE,FALSE,TRUE,FALSE,FALSE,L3_High,Embryonic
WBGene00000164,F53H8.1,apm-3,TRUE,FALSE,FALSE,FALSE,FALSE,L3_High,Embryonic
WBGene00000195,F53H8.2,arr-1,TRUE,FALSE,FALSE,FALSE,FALSE,L3_High,Embryonic
WBGene00000222,F45E6.2,atf-6,FALSE,FALSE,FALSE,TRUE,FALSE,Increasing,Embryonic
WBGene00000236,F57B10.11,bag-1,TRUE,FALSE,TRUE,FALSE,FALSE,L3_High,Adult
WBGene00000282,R01E6.3,cah-4,FALSE,FALSE,TRUE,FALSE,FALSE,Embryo_Specific,Post-embryonic
WBGene00000535,K08B4.6,cpi-1,TRUE,FALSE,TRUE,FALSE,FALSE,Larval,Adult
WBGene00000774,F56A8.6,cpf-2,TRUE,FALSE,FALSE,FALSE,FALSE,L3_High,Embryonic
WBGene00000784,F44C4.3,cpr-4,FALSE,FALSE,TRUE,FALSE,FALSE,Increasing,Post-embryonic
WBGene00000789,M04G12.2,cpz-2,FALSE,TRUE,TRUE,TRUE,TRUE,Increasing,L1
WBGene00000904,R05D11.1,daf-8,TRUE,FALSE,FALSE,FALSE,FALSE,L3_High,Embryonic
WBGene00000977,R05D8.8,dhs-14,TRUE,FALSE,FALSE,TRUE,TRUE,Larval,Post-embryonic
WBGene00000991,M03A8.1,dhs-28,FALSE,TRUE,TRUE,TRUE,TRUE,Increasing,Post-embryonic
WBGene00000996,F49E8.5,dif-1,TRUE,FALSE,TRUE,TRUE,FALSE,L3_High,Adult
WBGene00001032,K02G10.8,dnj-14,FALSE,FALSE,TRUE,FALSE,FALSE,Increasing,Embryonic
WBGene00001073,F46E10.9,dpy-11,FALSE,FALSE,TRUE,FALSE,FALSE,Increasing,Embryonic
WBGene00001149,K02A4.1,bcat-1,FALSE,TRUE,TRUE,FALSE,FALSE,Increasing,Post-embryonic
WBGene00001153,R06F6.9,ech-4,TRUE,FALSE,FALSE,TRUE,FALSE,Increasing,Embryonic
WBGene00001251,K02B9.4,elt-3,TRUE,FALSE,TRUE,FALSE,FALSE,Larval,Embryonic
WBGene00001476,K08C7.2,fmo-1,TRUE,FALSE,TRUE,TRUE,TRUE,Increasing,L1
WBGene00001523,M05D6.7,gbh-2,TRUE,FALSE,FALSE,FALSE,FALSE,Increasing,Embryonic
WBGene00001572,M03A8.4,gei-15,TRUE,FALSE,FALSE,FALSE,FALSE,Increasing,Embryonic
WBGene00001584,F45E4.10,nrde-4,TRUE,FALSE,FALSE,FALSE,FALSE,L3_High,Adult
WBGene00001585,M04B2.3,gfl-1,FALSE,FALSE,TRUE,FALSE,FALSE,L3_High,Adult
WBGene00001681,K02A4.2,gpc-1,TRUE,FALSE,FALSE,FALSE,FALSE,L3_High,Embryonic
WBGene00001753,R03D7.6,gst-5,TRUE,FALSE,FALSE,FALSE,TRUE,Increasing,L1
WBGene00001784,R07B1.4,gst-36,TRUE,FALSE,TRUE,TRUE,FALSE,Increasing,L1
WBGene00001794,K04D7.3,gta-1,FALSE,FALSE,TRUE,FALSE,FALSE,Increasing,Post-embryonic
WBGene00001812,F43E2.4,haf-2,TRUE,FALSE,FALSE,FALSE,FALSE,Increasing,Post-embryonic
WBGene00001990,K07A12.6,hot-5,TRUE,FALSE,FALSE,FALSE,FALSE,Increasing,Embryonic
WBGene00001996,K01G5.2,hpl-2,TRUE,FALSE,FALSE,FALSE,FALSE,Increasing,Embryonic
WBGene00002021,F52E1.7,hsp-17,TRUE,FALSE,TRUE,FALSE,FALSE,Increasing,Post-embryonic
WBGene00002148,F44C4.4,gon-14,TRUE,FALSE,FALSE,FALSE,FALSE,Increasing,Adult
WBGene00002271,R07B1.10,lec-8,FALSE,FALSE,TRUE,FALSE,FALSE,Increasing,Post-embryonic
WBGene00002344,M7.1,let-70,FALSE,FALSE,TRUE,FALSE,FALSE,Increasing,Embryonic
WBGene00003093,F58B3.1,lys-4,FALSE,FALSE,TRUE,TRUE,FALSE,Larval,Post-embryonic
WBGene00003148,H21P03.1,mbf-1,FALSE,FALSE,TRUE,FALSE,FALSE,L3_High,Post-embryonic
WBGene00003374,K11D12.10,mlk-1,TRUE,FALSE,FALSE,FALSE,FALSE,L3_High,Embryonic
WBGene00003391,F52C9.7,mog-3,TRUE,FALSE,FALSE,FALSE,FALSE,Not_Changing,Adult
WBGene00003473,K11G9.6,mtl-1,FALSE,FALSE,TRUE,TRUE,TRUE,Increasing,L1
WBGene00003577,F56F3.2,ndg-4,TRUE,FALSE,FALSE,TRUE,FALSE,L3_High,Adult
WBGene00003602,H01A20.1,nhr-3,TRUE,FALSE,FALSE,FALSE,FALSE,Increasing,Embryonic
WBGene00003619,F43C1.4,nhr-20,FALSE,FALSE,TRUE,FALSE,FALSE,Increasing,Embryonic
WBGene00003646,F44C8.6,nhr-56,TRUE,FALSE,FALSE,FALSE,FALSE,Increasing,Embryonic
WBGene00003750,M01D7.5,nlp-12,TRUE,FALSE,FALSE,FALSE,FALSE,Increasing,L1
WBGene00003829,F53A2.4,nud-1,TRUE,FALSE,TRUE,FALSE,FALSE,L3_High,Post-embryonic
WBGene00003844,K11C4.4,odc-1,TRUE,TRUE,FALSE,TRUE,FALSE,L3_High,Embryonic
WBGene00003877,K04E7.2,pept-1,TRUE,TRUE,TRUE,TRUE,FALSE,Larval,Embryonic
WBGene00003986,K05B2.5,mct-4,FALSE,FALSE,TRUE,FALSE,FALSE,Increasing,Embryonic
WBGene00004078,F52E1.1,pos-1,FALSE,FALSE,TRUE,FALSE,FALSE,Increasing,Embryonic
WBGene00004305,R05D11.3,ran-4,FALSE,FALSE,TRUE,FALSE,FALSE,Increasing,Adult
WBGene00004312,K07A1.11,rba-1,TRUE,FALSE,FALSE,FALSE,FALSE,Increasing,Adult
WBGene00004369,K09E2.4,rig-1,TRUE,FALSE,FALSE,FALSE,FALSE,Not_Changing,Embryonic
WBGene00004439,F52B5.6,rpl-25.2,FALSE,FALSE,TRUE,FALSE,FALSE,L3_High,Post-embryonic
WBGene00004470,F56F3.5,rps-1,FALSE,FALSE,TRUE,FALSE,FALSE,L3_High,Post-embryonic
WBGene00004768,F55A11.3,sel-11,FALSE,FALSE,TRUE,FALSE,FALSE,Increasing,Adult
WBGene00004798,F43D9.4,sip-1,FALSE,FALSE,TRUE,FALSE,FALSE,L3_High,Adult
WBGene00004807,F46A9.5,skr-1,FALSE,FALSE,TRUE,FALSE,FALSE,L3_High,Embryonic
WBGene00004809,F44G3.6,skr-3,FALSE,FALSE,TRUE,FALSE,FALSE,Increasing,L1
WBGene00004955,F56A3.4,spd-5,TRUE,FALSE,FALSE,FALSE,FALSE,Not_Changing,Adult
WBGene00004999,K09F5.3,spp-14,FALSE,FALSE,FALSE,TRUE,FALSE,Larval,Post-embryonic
WBGene00005655,K11D12.3,srr-4,TRUE,FALSE,FALSE,FALSE,FALSE,Larval,Embryonic
WBGene00006059,F54C9.2,stc-1,TRUE,FALSE,FALSE,FALSE,FALSE,Larval,Embryonic
WBGene00006373,F55A11.2,syx-5,TRUE,FALSE,FALSE,FALSE,FALSE,Increasing,Embryonic
WBGene00006392,K03B4.3,taf-10,TRUE,FALSE,TRUE,FALSE,FALSE,L3_High,Embryonic
WBGene00006402,F59E12.13,fut-3,TRUE,FALSE,FALSE,FALSE,FALSE,Increasing,Adult
WBGene00006530,F44F4.11,tba-4,TRUE,FALSE,FALSE,FALSE,FALSE,Larval,Post-embryonic
WBGene00006726,F46F11.4,ubl-5,TRUE,FALSE,FALSE,FALSE,FALSE,L3_High,Adult
WBGene00006874,K12F2.2,vab-8,TRUE,FALSE,FALSE,FALSE,FALSE,Larval,Embryonic
WBGene00006890,K07E3.8,vem-1,TRUE,FALSE,TRUE,FALSE,FALSE,Not_Changing,L1
WBGene00006925,K09F5.2,vit-1,TRUE,FALSE,TRUE,FALSE,FALSE,Increasing,Adult
WBGene00006948,F52E4.6,wrt-2,FALSE,FALSE,TRUE,FALSE,FALSE,Larval,Embryonic
WBGene00006978,K10C3.3,zig-1,TRUE,FALSE,FALSE,FALSE,FALSE,L3_High,Embryonic
WBGene00007008,R05D3.4,rfp-1,TRUE,FALSE,FALSE,FALSE,FALSE,Increasing,Adult
WBGene00009674,F44A6.1,nucb-1,TRUE,FALSE,FALSE,FALSE,FALSE,L3_High,Embryonic
WBGene00009691,F44E5.4,F44E5.4,FALSE,FALSE,TRUE,FALSE,FALSE,Increasing,L1
WBGene00009692,F44E5.5,F44E5.5,FALSE,FALSE,TRUE,FALSE,FALSE,Increasing,L1
WBGene00009722,F45D3.2,F45D3.2,TRUE,FALSE,FALSE,FALSE,FALSE,Increasing,L1
WBGene00009741,F45H10.4,drr-1,TRUE,TRUE,TRUE,TRUE,TRUE,Increasing,Embryonic
WBGene00009745,F45H11.5,cox-19,TRUE,FALSE,FALSE,FALSE,TRUE,Increasing,Embryonic
WBGene00009778,F46C5.1,F46C5.1,TRUE,FALSE,FALSE,FALSE,FALSE,Larval,Post-embryonic
WBGene00009818,F47B10.7,acbp-3,TRUE,FALSE,TRUE,FALSE,FALSE,L3_High,Embryonic
WBGene00009882,F49C12.13,vha-17,FALSE,FALSE,TRUE,FALSE,FALSE,L3_High,Embryonic
WBGene00009925,F52B11.2,F52B11.2,FALSE,FALSE,FALSE,FALSE,TRUE,Increasing,Embryonic
WBGene00009945,F52H3.3,bath-38,FALSE,FALSE,TRUE,FALSE,FALSE,L3_High,Embryonic
WBGene00009947,F52H3.5,ttc-36,TRUE,FALSE,FALSE,FALSE,FALSE,Larval,L1
WBGene00009952,F53A2.7,acaa-2,TRUE,FALSE,FALSE,FALSE,FALSE,L3_High,Post-embryonic
WBGene00009966,F53B7.3,isy-1,TRUE,FALSE,TRUE,FALSE,FALSE,Increasing,Adult
WBGene00009973,F53C11.3,F53C11.3,TRUE,FALSE,TRUE,TRUE,FALSE,Increasing,Embryonic
WBGene00009980,F53F1.2,F53F1.2,TRUE,FALSE,TRUE,FALSE,FALSE,Larval,Post-embryonic
WBGene00010028,F54B11.5,F54B11.5,TRUE,FALSE,FALSE,FALSE,FALSE,L3_High,Embryonic
WBGene00010037,F54C8.4,F54C8.4,FALSE,FALSE,TRUE,FALSE,FALSE,Increasing,Embryonic
WBGene00010041,F54C9.3,F54C9.3,FALSE,FALSE,TRUE,TRUE,FALSE,Increasing,Post-embryonic
WBGene00010042,F54C9.6,bcs-1,TRUE,FALSE,FALSE,FALSE,FALSE,Increasing,Adult
WBGene00010049,F54D5.3,F54D5.3,FALSE,FALSE,TRUE,TRUE,FALSE,Increasing,Post-embryonic
WBGene00010052,F54D5.7,F54D5.7,FALSE,FALSE,TRUE,FALSE,FALSE,Increasing,Post-embryonic
WBGene00010063,F54F3.4,dhrs-4,TRUE,FALSE,TRUE,TRUE,TRUE,Increasing,L1
WBGene00010086,F55B11.4,F55B11.4,TRUE,FALSE,FALSE,FALSE,TRUE,Increasing,Embryonic
WBGene00010113,F55D12.5,F55D12.5,FALSE,FALSE,TRUE,FALSE,FALSE,Increasing,Embryonic
WBGene00010115,F55F3.1,aakb-1,TRUE,FALSE,FALSE,FALSE,FALSE,Larval,Embryonic
WBGene00010123,F55G11.2,F55G11.2,FALSE,FALSE,FALSE,FALSE,TRUE,Larval,L1
WBGene00010124,F55G11.4,F55G11.4,TRUE,FALSE,TRUE,FALSE,TRUE,Increasing,Post-embryonic
WBGene00010130,F55H2.2,vha-14,FALSE,FALSE,TRUE,FALSE,FALSE,Increasing,Embryonic
WBGene00010189,F57B1.6,F57B1.6,FALSE,FALSE,FALSE,TRUE,FALSE,Increasing,Embryonic
WBGene00010198,F57C2.6,spat-1,TRUE,FALSE,FALSE,FALSE,FALSE,L3_High,Adult
WBGene00010232,F58B3.6,F58B3.6,TRUE,FALSE,FALSE,FALSE,FALSE,L3_High,Adult
WBGene00010238,F58B4.5,F58B4.5,TRUE,FALSE,TRUE,FALSE,TRUE,Larval,Post-embryonic
WBGene00010274,F58G6.3,F58G6.3,TRUE,FALSE,TRUE,TRUE,TRUE,Increasing,Embryonic
WBGene00010280,F58G11.2,rde-12,FALSE,FALSE,TRUE,FALSE,FALSE,Increasing,Post-embryonic
WBGene00010317,F59B8.2,idh-1,FALSE,FALSE,TRUE,FALSE,FALSE,Increasing,Post-embryonic
WBGene00010325,F59C6.4,exos-3,TRUE,FALSE,FALSE,FALSE,FALSE,L3_High,Adult
WBGene00010328,F59C6.11,F59C6.11,TRUE,TRUE,FALSE,TRUE,TRUE,Larval,Embryonic
WBGene00010336,F59F4.1,acox-1.6,TRUE,FALSE,FALSE,TRUE,FALSE,L3_High,Embryonic
WBGene00010337,F59F4.2,serp-1.1,FALSE,FALSE,TRUE,FALSE,FALSE,L3_High,Embryonic
WBGene00010374,H08M01.2,rga-5,TRUE,FALSE,FALSE,FALSE,FALSE,Increasing,Embryonic
WBGene00010399,H16D19.1,clec-13,TRUE,FALSE,FALSE,FALSE,FALSE,Larval,Post-embryonic
WBGene00010407,H19N07.3,scb-1,TRUE,FALSE,TRUE,FALSE,FALSE,Increasing,L1
WBGene00010440,JC8.8,ttr-51,TRUE,FALSE,FALSE,FALSE,FALSE,Increasing,Post-embryonic
WBGene00010456,K01C8.1,K01C8.1,FALSE,FALSE,TRUE,FALSE,FALSE,Increasing,Post-embryonic
WBGene00010471,K01D12.12,cdr-6,TRUE,FALSE,FALSE,FALSE,TRUE,Increasing,L1
WBGene00010496,K02B12.3,sec-12,TRUE,FALSE,FALSE,FALSE,FALSE,L3_High,Embryonic
WBGene00010500,K02B12.7,K02B12.7,TRUE,FALSE,TRUE,FALSE,FALSE,L3_High,Embryonic
WBGene00010502,K02C4.3,K02C4.3,TRUE,FALSE,FALSE,FALSE,FALSE,Increasing,Adult
WBGene00010567,K04G2.9,K04G2.9,TRUE,FALSE,TRUE,FALSE,FALSE,L3_High,Embryonic
WBGene00010572,K04G11.4,wdr-5.2,TRUE,FALSE,FALSE,FALSE,FALSE,Increasing,Embryonic
WBGene00010579,K05C4.2,K05C4.2,FALSE,FALSE,TRUE,FALSE,FALSE,Embryo_Specific,Embryonic
WBGene00010583,K05C4.7,K05C4.7,TRUE,FALSE,TRUE,FALSE,FALSE,Embryo_Specific,Adult
WBGene00010597,K06A4.7,K06A4.7,TRUE,TRUE,FALSE,FALSE,FALSE,Increasing,Post-embryonic
WBGene00010629,K07C5.6,K07C5.6,TRUE,FALSE,FALSE,FALSE,FALSE,Not_Changing,Adult
WBGene00010631,K07C5.8,cash-1,TRUE,FALSE,FALSE,FALSE,FALSE,Increasing,Adult
WBGene00010665,K08E3.5,K08E3.5,FALSE,FALSE,FALSE,TRUE,FALSE,Increasing,Adult
WBGene00010671,K08E7.1,eak-7,FALSE,FALSE,TRUE,FALSE,FALSE,L3_High,Embryonic
WBGene00010697,K08H10.4,uda-1,FALSE,FALSE,TRUE,FALSE,FALSE,Increasing,Adult
WBGene00010780,K11H3.3,K11H3.3,FALSE,FALSE,FALSE,TRUE,TRUE,L3_High,Post-embryonic
WBGene00010793,LLC1.2,LLC1.2,TRUE,FALSE,FALSE,TRUE,FALSE,Increasing,Post-embryonic
WBGene00010813,M01F1.7,pitp-1,TRUE,FALSE,TRUE,FALSE,FALSE,Increasing,Embryonic
WBGene00010870,M05B5.2,let-522,FALSE,FALSE,FALSE,TRUE,TRUE,L3_High,Embryonic
WBGene00010879,M05D6.6,taap-1,FALSE,FALSE,TRUE,FALSE,FALSE,Increasing,L1
WBGene00010890,M18.5,ddb-1,TRUE,FALSE,FALSE,FALSE,FALSE,L3_High,Post-embryonic
WBGene00010897,M28.6,lact-3,FALSE,FALSE,FALSE,FALSE,TRUE,Increasing,Post-embryonic
WBGene00010901,M28.10,M28.10,TRUE,FALSE,FALSE,TRUE,FALSE,Increasing,Post-embryonic
WBGene00010904,M88.1,ugt-62,TRUE,FALSE,FALSE,TRUE,FALSE,Increasing,Adult
WBGene00010924,M153.1,M153.1,TRUE,TRUE,TRUE,TRUE,FALSE,Increasing,Embryonic
WBGene00010993,R03E1.2,vha-20,FALSE,FALSE,TRUE,FALSE,FALSE,Larval,Embryonic
WBGene00011015,R04F11.2,R04F11.2,FALSE,FALSE,TRUE,FALSE,FALSE,Increasing,Post-embryonic
WBGene00011060,R06C1.6,R06C1.6,TRUE,FALSE,FALSE,FALSE,FALSE,L3_High,L1
WBGene00011064,R06C7.5,adsl-1,TRUE,FALSE,TRUE,FALSE,FALSE,L3_High,Post-embryonic
WBGene00011073,R07A4.2,R07A4.2,TRUE,FALSE,FALSE,FALSE,TRUE,Increasing,Embryonic
WBGene00018386,F43C11.9,enri-1,TRUE,FALSE,FALSE,FALSE,FALSE,Increasing,Embryonic
WBGene00018393,F43E2.5,msra-1,TRUE,FALSE,TRUE,FALSE,FALSE,Increasing,Embryonic
WBGene00018395,F43E2.7,mtch-1,FALSE,FALSE,TRUE,FALSE,FALSE,L3_High,Post-embryonic
WBGene00018409,F44B9.8,F44B9.8,TRUE,FALSE,FALSE,FALSE,FALSE,Increasing,Adult
WBGene00018422,F44E2.9,F44E2.9,FALSE,FALSE,FALSE,FALSE,TRUE,Increasing,Embryonic
WBGene00018426,F44E7.4,F44E7.4,TRUE,FALSE,FALSE,FALSE,FALSE,L3_High,Post-embryonic
WBGene00018431,F44E7.9,F44E7.9,FALSE,FALSE,TRUE,FALSE,FALSE,L3_High,Adult
WBGene00018467,F45E1.7,sdpn-1,TRUE,FALSE,TRUE,TRUE,FALSE,Increasing,Embryonic
WBGene00018475,F45E12.5,mrpl-14,TRUE,FALSE,FALSE,FALSE,TRUE,L3_High,Adult
WBGene00018483,F45F2.11,F45F2.11,TRUE,FALSE,FALSE,FALSE,FALSE,L3_High,Adult
WBGene00018488,F46E10.1,acs-1,TRUE,FALSE,FALSE,FALSE,FALSE,Larval,Post-embryonic
WBGene00018491,F46E10.10,mdh-1,FALSE,FALSE,TRUE,FALSE,FALSE,Increasing,Post-embryonic
WBGene00018517,F46G11.4,F46G11.4,TRUE,FALSE,FALSE,FALSE,FALSE,L3_High,Embryonic
WBGene00018520,F46H5.4,F46H5.4,TRUE,FALSE,FALSE,FALSE,FALSE,L3_High,Embryonic
WBGene00018532,F47B7.1,F47B7.1,FALSE,FALSE,TRUE,FALSE,FALSE,Increasing,Embryonic
WBGene00018604,F48E3.3,uggt-1,TRUE,FALSE,FALSE,TRUE,FALSE,L3_High,Post-embryonic
WBGene00018616,F48G7.5,F48G7.5,TRUE,FALSE,FALSE,FALSE,TRUE,Increasing,Post-embryonic
WBGene00018634,F49E7.2,pigx-1,TRUE,FALSE,FALSE,FALSE,TRUE,L3_High,Embryonic
WBGene00018635,F49E8.1,nprl-2,TRUE,FALSE,TRUE,FALSE,FALSE,Larval,Post-embryonic
WBGene00018645,F49F1.5,F49F1.5,TRUE,FALSE,TRUE,TRUE,TRUE,Larval,Post-embryonic
WBGene00018704,F52E4.8,ztf-13,TRUE,FALSE,FALSE,FALSE,FALSE,Increasing,Embryonic
WBGene00018724,F53A9.1,F53A9.1,TRUE,FALSE,TRUE,FALSE,FALSE,Increasing,Post-embryonic
WBGene00018725,F53A9.2,kreg-1,FALSE,FALSE,TRUE,TRUE,FALSE,Increasing,Embryonic
WBGene00018730,F53A9.7,F53A9.7,TRUE,FALSE,FALSE,FALSE,FALSE,Increasing,L1
WBGene00018731,F53A9.8,F53A9.8,FALSE,FALSE,FALSE,FALSE,TRUE,Larval,Post-embryonic
WBGene00018758,F53E10.1,F53E10.1,TRUE,FALSE,FALSE,FALSE,FALSE,L3_High,Embryonic
WBGene00018760,F53E10.4,irg-3,TRUE,FALSE,FALSE,FALSE,TRUE,Increasing,L1
WBGene00018763,F53F10.1,F53F10.1,TRUE,FALSE,FALSE,FALSE,FALSE,Larval,Embryonic
WBGene00018765,F53F10.3,mpc-2,TRUE,FALSE,TRUE,FALSE,FALSE,L3_High,Embryonic
WBGene00018793,F54C4.1,mrpl-40,TRUE,FALSE,FALSE,FALSE,FALSE,Larval,Adult
WBGene00018823,F54E2.1,F54E2.1,FALSE,FALSE,TRUE,FALSE,FALSE,Larval,Post-embryonic
WBGene00018864,F55A12.5,F55A12.5,TRUE,FALSE,FALSE,FALSE,FALSE,Increasing,Adult
WBGene00018897,F55F8.9,zipt-2.4,TRUE,FALSE,FALSE,FALSE,FALSE,L3_High,Adult
WBGene00018911,F56A4.3,F56A4.3,FALSE,TRUE,FALSE,FALSE,FALSE,Larval,Post-embryonic
WBGene00018935,F56B3.12,skr-18,TRUE,FALSE,FALSE,FALSE,FALSE,L3_High,Adult
WBGene00018951,F56C9.7,F56C9.7,TRUE,FALSE,TRUE,TRUE,FALSE,Increasing,Post-embryonic
WBGene00018958,F56C11.6,cest-27,TRUE,FALSE,FALSE,FALSE,FALSE,Increasing,Embryonic
WBGene00018971,F56D6.2,clec-67,TRUE,FALSE,FALSE,FALSE,TRUE,Increasing,Post-embryonic
WBGene00019003,F57B10.5,tmed-3,FALSE,FALSE,TRUE,FALSE,FALSE,L3_High,Adult
WBGene00019060,F58F9.7,acox-3,TRUE,FALSE,FALSE,TRUE,FALSE,Increasing,Embryonic
WBGene00019061,F58F12.1,F58F12.1,FALSE,FALSE,TRUE,FALSE,FALSE,Not_Changing,Post-embryonic
WBGene00019097,F59B1.2,F59B1.2,FALSE,FALSE,TRUE,TRUE,FALSE,Increasing,Adult
WBGene00019102,F59C12.3,F59C12.3,TRUE,FALSE,FALSE,FALSE,FALSE,Increasing,Embryonic
WBGene00019105,F59D6.3,asp-8,TRUE,FALSE,FALSE,FALSE,TRUE,Larval,Post-embryonic
WBGene00019164,H06H21.8,H06H21.8,TRUE,FALSE,FALSE,FALSE,TRUE,Increasing,Post-embryonic
WBGene00019168,H06I04.3,H06I04.3,TRUE,FALSE,FALSE,TRUE,FALSE,Larval,Post-embryonic
WBGene00019203,H14N18.3,ttr-47,FALSE,FALSE,TRUE,FALSE,FALSE,Increasing,Adult
WBGene00019209,H17B01.4,emc-1,TRUE,FALSE,FALSE,FALSE,FALSE,L3_High,Embryonic
WBGene00019227,H22K11.4,sgca-1,TRUE,FALSE,FALSE,FALSE,FALSE,Increasing,Embryonic
WBGene00019261,H34I24.2,H34I24.2,TRUE,FALSE,FALSE,TRUE,TRUE,Larval,Post-embryonic
WBGene00019298,K02D7.1,pnp-1,FALSE,FALSE,TRUE,TRUE,TRUE,Increasing,L1
WBGene00019320,K02E10.6,K02E10.6,TRUE,FALSE,FALSE,FALSE,FALSE,Increasing,Embryonic
WBGene00019322,K02F2.2,ahcy-1,FALSE,FALSE,TRUE,FALSE,FALSE,Increasing,Post-embryonic
WBGene00019344,K02G10.1,dhhc-10,TRUE,FALSE,FALSE,FALSE,FALSE,Increasing,Embryonic
WBGene00019351,K03A1.2,lron-7,FALSE,FALSE,TRUE,TRUE,FALSE,Increasing,Adult
WBGene00019373,K04A8.1,K04A8.1,TRUE,TRUE,FALSE,TRUE,TRUE,Larval,Embryonic
WBGene00019381,K04C2.3,K04C2.3,FALSE,FALSE,TRUE,FALSE,FALSE,Increasing,Embryonic
WBGene00019433,K06A5.6,acdh-3,FALSE,FALSE,TRUE,FALSE,FALSE,Increasing,Post-embryonic
WBGene00019435,K06A9.1,K06A9.1,TRUE,FALSE,FALSE,TRUE,FALSE,Increasing,Embryonic
WBGene00019456,K06H7.2,K06H7.2,TRUE,FALSE,FALSE,FALSE,FALSE,L3_High,Embryonic
WBGene00019477,K07C11.4,cest-17,FALSE,FALSE,FALSE,TRUE,TRUE,Larval,Embryonic
WBGene00019492,K07E3.4,K07E3.4,FALSE,FALSE,FALSE,TRUE,FALSE,Increasing,Post-embryonic
WBGene00019543,K08F11.3,cif-1,TRUE,FALSE,FALSE,FALSE,FALSE,L3_High,Post-embryonic
WBGene00019572,K09E2.3,K09E2.3,FALSE,FALSE,TRUE,FALSE,FALSE,Increasing,Post-embryonic
WBGene00019605,K10B2.2,ctsa-4.1,TRUE,FALSE,FALSE,TRUE,TRUE,Increasing,Post-embryonic
WBGene00019607,K10B2.4,K10B2.4,TRUE,FALSE,TRUE,FALSE,TRUE,Increasing,Adult
WBGene00019620,K10C2.4,fah-1,TRUE,FALSE,TRUE,FALSE,FALSE,Increasing,Post-embryonic
WBGene00019644,K11D12.4,cpt-4,FALSE,TRUE,TRUE,TRUE,FALSE,Increasing,Embryonic
WBGene00019673,K12C11.1,K12C11.1,TRUE,FALSE,TRUE,TRUE,FALSE,Larval,Adult
WBGene00019680,K12H4.5,K12H4.5,FALSE,FALSE,TRUE,FALSE,FALSE,L3_High,Embryonic
WBGene00019682,K12H4.7,K12H4.7,TRUE,FALSE,FALSE,TRUE,FALSE,Larval,Post-embryonic
WBGene00019711,M01E11.2,M01E11.2,TRUE,FALSE,FALSE,FALSE,FALSE,Increasing,Adult
WBGene00019738,M02F4.7,clec-265,FALSE,FALSE,FALSE,FALSE,TRUE,Larval,Post-embryonic
WBGene00019744,M02H5.8,M02H5.8,TRUE,FALSE,FALSE,FALSE,TRUE,Increasing,Post-embryonic
WBGene00019760,M03F4.7,calu-1,TRUE,FALSE,TRUE,FALSE,FALSE,Increasing,Embryonic
WBGene00019779,M60.2,endu-2,TRUE,FALSE,FALSE,FALSE,TRUE,Increasing,L1
WBGene00019813,R01H2.5,ger-1,TRUE,FALSE,FALSE,TRUE,TRUE,Increasing,Embryonic
WBGene00019824,R02D3.7,R02D3.7,TRUE,FALSE,TRUE,FALSE,FALSE,Not_Changing,Adult
WBGene00019830,R02E12.6,hrg-1,TRUE,TRUE,FALSE,TRUE,FALSE,Increasing,Post-embryonic
WBGene00019892,R05F9.9,R05F9.9,TRUE,FALSE,FALSE,FALSE,FALSE,Increasing,Embryonic
WBGene00019900,R05G6.7,vdac-1,FALSE,FALSE,TRUE,FALSE,FALSE,Larval,Post-embryonic
WBGene00019902,R05G6.10,R05G6.10,TRUE,FALSE,FALSE,FALSE,FALSE,Increasing,Embryonic
WBGene00019904,R05G9.2,twk-49,TRUE,FALSE,FALSE,FALSE,FALSE,Not_Changing,Embryonic
WBGene00019914,R06B10.3,clec-150,TRUE,FALSE,FALSE,FALSE,TRUE,Increasing,Post-embryonic
WBGene00044107,F58G6.9,F58G6.9,TRUE,FALSE,FALSE,TRUE,FALSE,Increasing,Embryonic
WBGene00044305,F56H1.6,rad-8,TRUE,FALSE,FALSE,FALSE,FALSE,L3_High,Adult
WBGene00044607,K02A11.4,K02A11.4,TRUE,FALSE,FALSE,FALSE,FALSE,Increasing,Post-embryonic
WBGene00044696,F52E1.14,F52E1.14,TRUE,FALSE,FALSE,FALSE,TRUE,Larval,Post-embryonic
WBGene00044737,JC8.14,ttr-45,TRUE,FALSE,FALSE,FALSE,FALSE,Increasing,Post-embryonic
WBGene00044792,F59C6.14,F59C6.14,FALSE,FALSE,FALSE,TRUE,TRUE,Larval,Embryonic
WBGene00077559,R05D7.7,R05D7.7,TRUE,FALSE,FALSE,FALSE,TRUE,Increasing,Embryonic
WBGene00000155,W03G9.4,app-1,TRUE,FALSE,FALSE,FALSE,FALSE,Increasing,Post-embryonic
WBGene00000163,R11A5.1,apb-3,TRUE,FALSE,FALSE,FALSE,FALSE,Increasing,Adult
WBGene00000184,Y116A8C.12,arf-6,TRUE,FALSE,FALSE,FALSE,FALSE,Increasing,Embryonic
WBGene00000215,T18H9.2,asp-2,FALSE,FALSE,FALSE,TRUE,FALSE,Increasing,Post-embryonic
WBGene00000217,R12H7.2,asp-4,TRUE,FALSE,FALSE,FALSE,FALSE,Increasing,Post-embryonic
WBGene00000377,T05C12.7,cct-1,FALSE,FALSE,TRUE,FALSE,FALSE,Increasing,L1
WBGene00000378,T21B10.7,cct-2,FALSE,FALSE,TRUE,FALSE,FALSE,Not_Changing,Post-embryonic
WBGene00000390,R07G3.1,cdc-42,FALSE,FALSE,TRUE,FALSE,FALSE,Increasing,Embryonic
WBGene00000502,Y110A7A.13,chp-1,TRUE,FALSE,FALSE,FALSE,FALSE,Increasing,Adult
WBGene00000691,T28C6.4,col-117,TRUE,FALSE,FALSE,FALSE,FALSE,L3_High,L1
WBGene00000776,T03E6.7,cpl-1,FALSE,TRUE,TRUE,FALSE,FALSE,Increasing,Adult
WBGene00000785,W07B8.5,cpr-5,FALSE,FALSE,TRUE,FALSE,TRUE,Larval,Post-embryonic
WBGene00000858,W01B6.1,cwn-2,TRUE,TRUE,FALSE,TRUE,FALSE,L3_High,Embryonic
WBGene00000984,R11D1.11,dhs-21,TRUE,TRUE,TRUE,TRUE,FALSE,Increasing,Embryonic
WBGene00000993,T25G12.7,dhs-30,TRUE,FALSE,FALSE,TRUE,FALSE,L3_High,Post-embryonic
WBGene00001040,T23B12.7,dnj-22,FALSE,FALSE,TRUE,FALSE,FALSE,Increasing,Adult
WBGene00001058,R11E3.8,dpf-5,TRUE,FALSE,FALSE,FALSE,FALSE,Increasing,Post-embryonic
WBGene00001227,R08D7.3,eif-3.D,TRUE,FALSE,FALSE,FALSE,FALSE,L3_High,Post-embryonic
WBGene00001394,W02A2.1,fat-2,FALSE,FALSE,FALSE,TRUE,FALSE,Increasing,Post-embryonic
WBGene00001395,W08D2.4,fat-3,FALSE,FALSE,TRUE,TRUE,FALSE,Increasing,Post-embryonic
WBGene00001396,T13F2.1,fat-4,FALSE,FALSE,TRUE,TRUE,TRUE,Increasing,Adult
WBGene00001497,T08B2.9,fars-1,TRUE,FALSE,FALSE,FALSE,FALSE,L3_High,Post-embryonic
WBGene00001577,T12A7.1,gem-4,TRUE,FALSE,FALSE,FALSE,FALSE,Not_Changing,Embryonic
WBGene00001749,R107.7,gst-1,FALSE,FALSE,TRUE,FALSE,TRUE,Larval,Post-embryonic
WBGene00001761,T26C5.1,gst-13,TRUE,TRUE,TRUE,TRUE,TRUE,Increasing,Post-embryonic
WBGene00001808,T10G3.6,gut-2,TRUE,FALSE,TRUE,FALSE,FALSE,L3_High,Embryonic
WBGene00001843,W06D4.1,hgo-1,TRUE,FALSE,FALSE,FALSE,FALSE,Increasing,Post-embryonic
WBGene00001993,T21C12.2,hpd-1,FALSE,FALSE,TRUE,FALSE,FALSE,Increasing,Post-embryonic
WBGene00002001,T11G6.1,hars-1,TRUE,FALSE,FALSE,FALSE,FALSE,Increasing,Post-embryonic
WBGene00002015,T27E4.8,hsp-16.1,FALSE,FALSE,TRUE,FALSE,FALSE,Increasing,L1
WBGene00002020,T27E4.9,hsp-16.49,FALSE,FALSE,TRUE,FALSE,FALSE,Increasing,L1
WBGene00002116,W09C5.4,ins-33,FALSE,FALSE,FALSE,FALSE,TRUE,L3_High,Post-embryonic
WBGene00002137,R12E2.9,inx-15,TRUE,TRUE,FALSE,TRUE,TRUE,Increasing,Embryonic
WBGene00002138,R12E2.5,inx-16,TRUE,TRUE,FALSE,TRUE,TRUE,Not_Changing,Embryonic
WBGene00002183,T02G5.8,kat-1,TRUE,FALSE,TRUE,FALSE,FALSE,L3_High,Post-embryonic
WBGene00002187,T07A9.3,kgb-1,TRUE,FALSE,TRUE,FALSE,FALSE,L3_High,Embryonic
WBGene00002259,T22G5.2,lbp-7,TRUE,TRUE,TRUE,TRUE,FALSE,Increasing,Post-embryonic
WBGene00002273,W01A11.4,lec-10,TRUE,TRUE,FALSE,FALSE,FALSE,Increasing,Post-embryonic
WBGene00002804,Y110A7A.19,let-630,TRUE,FALSE,FALSE,FALSE,FALSE,Not_Changing,Post-embryonic
WBGene00003474,T08G5.10,mtl-2,FALSE,FALSE,TRUE,FALSE,TRUE,Increasing,Post-embryonic
WBGene00003596,T19A6.2,ngp-1,TRUE,FALSE,TRUE,TRUE,FALSE,L3_High,L1
WBGene00003975,T28D6.9,pen-2,TRUE,FALSE,FALSE,FALSE,FALSE,L3_High,Embryonic
WBGene00003989,Y18D10A.20,pfn-1,FALSE,FALSE,TRUE,FALSE,FALSE,Larval,Adult
WBGene00004023,T16D1.2,pho-4,FALSE,FALSE,FALSE,FALSE,TRUE,Increasing,Post-embryonic
WBGene00004138,R07B7.3,pqn-53,FALSE,FALSE,TRUE,FALSE,FALSE,L3_High,Embryonic
WBGene00004184,T19D2.2,T19D2.2,FALSE,FALSE,TRUE,FALSE,FALSE,Increasing,Embryonic
WBGene00004199,R07H5.1,prx-14,FALSE,FALSE,TRUE,TRUE,FALSE,Increasing,Adult
WBGene00004271,W03C9.3,rab-7,FALSE,FALSE,TRUE,FALSE,FALSE,Increasing,Embryonic
WBGene00004464,R12E2.3,rpn-8,FALSE,FALSE,TRUE,FALSE,FALSE,Increasing,Adult
WBGene00004474,T05E11.1,rps-5,FALSE,FALSE,TRUE,FALSE,FALSE,Increasing,Post-embryonic
WBGene00004485,T01C3.6,rps-16,FALSE,FALSE,TRUE,FALSE,FALSE,L3_High,Embryonic
WBGene00004986,T07C4.4,spp-1,TRUE,FALSE,TRUE,FALSE,TRUE,Increasing,Post-embryonic
WBGene00004988,T08A9.7,spp-3,FALSE,FALSE,TRUE,TRUE,FALSE,Larval,Post-embryonic
WBGene00004989,T08A9.8,spp-4,TRUE,FALSE,TRUE,FALSE,TRUE,Increasing,Post-embryonic
WBGene00004990,T08A9.9,spp-5,FALSE,FALSE,TRUE,TRUE,FALSE,Larval,Post-embryonic
WBGene00006910,R10E11.8,vha-1,FALSE,FALSE,TRUE,FALSE,FALSE,L3_High,Embryonic
WBGene00006911,R10E11.2,vha-2,FALSE,FALSE,TRUE,FALSE,FALSE,Increasing,Embryonic
WBGene00006931,T20D3.7,vps-26,TRUE,FALSE,FALSE,FALSE,FALSE,Increasing,Adult
WBGene00011119,R07E5.13,mpc-1,TRUE,FALSE,TRUE,FALSE,FALSE,Larval,Post-embryonic
WBGene00011181,R09H10.3,R09H10.3,FALSE,TRUE,TRUE,TRUE,TRUE,L3_High,Post-embryonic
WBGene00011205,R10E4.9,R10E4.9,TRUE,FALSE,FALSE,FALSE,TRUE,Larval,Adult
WBGene00011222,R10H10.3,R10H10.3,TRUE,FALSE,TRUE,TRUE,TRUE,L3_High,Post-embryonic
WBGene00011235,R11A5.7,suro-1,FALSE,FALSE,TRUE,FALSE,FALSE,Increasing,Post-embryonic
WBGene00011247,R11D1.9,mrpl-49,FALSE,FALSE,TRUE,FALSE,FALSE,L3_High,Embryonic
WBGene00011250,R11H6.2,R11H6.2,TRUE,FALSE,FALSE,FALSE,FALSE,Increasing,Adult
WBGene00011274,R53.5,R53.5,TRUE,FALSE,FALSE,FALSE,FALSE,Increasing,Post-embryonic
WBGene00011303,R166.3,R166.3,TRUE,FALSE,FALSE,FALSE,FALSE,Increasing,Embryonic
WBGene00011309,R186.8,R186.8,TRUE,FALSE,FALSE,FALSE,FALSE,Increasing,Embryonic
WBGene00011313,T01B7.8,T01B7.8,TRUE,FALSE,FALSE,FALSE,FALSE,Increasing,Embryonic
WBGene00011319,T01C3.2,T01C3.2,TRUE,FALSE,FALSE,FALSE,FALSE,L3_High,Adult
WBGene00011330,T01D3.6,T01D3.6,TRUE,FALSE,TRUE,TRUE,FALSE,Larval,Post-embryonic
WBGene00011335,T01E8.8,T01E8.8,TRUE,FALSE,FALSE,FALSE,TRUE,Larval,Embryonic
WBGene00011399,T03F6.3,T03F6.3,FALSE,FALSE,FALSE,TRUE,FALSE,Increasing,Adult
WBGene00011404,T03F7.7,T03F7.7,FALSE,FALSE,TRUE,FALSE,FALSE,L3_High,Embryonic
WBGene00011427,T04C12.1,T04C12.1,FALSE,TRUE,FALSE,TRUE,FALSE,Not_Changing,Embryonic
WBGene00011439,T04F3.4,T04F3.4,TRUE,FALSE,FALSE,TRUE,TRUE,Increasing,Embryonic
WBGene00011444,T04F8.6,T04F8.6,TRUE,FALSE,FALSE,FALSE,FALSE,Increasing,Embryonic
WBGene00011487,T05E12.6,T05E12.6,TRUE,FALSE,TRUE,FALSE,FALSE,Increasing,Post-embryonic
WBGene00011543,T06E8.1,acl-2,TRUE,FALSE,FALSE,FALSE,FALSE,L3_High,Post-embryonic
WBGene00011559,T07C4.1,umps-1,TRUE,FALSE,FALSE,FALSE,TRUE,Increasing,Post-embryonic
WBGene00011564,T07C5.1,ugt-50,TRUE,FALSE,FALSE,FALSE,FALSE,Increasing,Embryonic
WBGene00011571,T07C12.7,ttr-46,TRUE,FALSE,TRUE,TRUE,FALSE,Increasing,Post-embryonic
WBGene00011584,T07D10.4,clec-15,TRUE,FALSE,FALSE,FALSE,FALSE,Larval,Post-embryonic
WBGene00011625,T08G5.5,vps-39,TRUE,FALSE,FALSE,FALSE,FALSE,L3_High,Adult
WBGene00011661,T09F3.1,ztf-27,TRUE,FALSE,FALSE,FALSE,FALSE,Increasing,Embryonic
WBGene00011707,T11B7.2,T11B7.2,TRUE,FALSE,TRUE,FALSE,TRUE,Increasing,Embryonic
WBGene00011730,T12D8.2,drr-2,FALSE,FALSE,TRUE,FALSE,FALSE,Increasing,L1
WBGene00011733,T12D8.5,T12D8.5,TRUE,FALSE,TRUE,FALSE,TRUE,Larval,Post-embryonic
WBGene00011740,T12G3.5,mrpl-51,TRUE,FALSE,TRUE,FALSE,FALSE,Increasing,Embryonic
WBGene00011743,T13F2.2,T13F2.2,FALSE,FALSE,TRUE,FALSE,FALSE,Increasing,Adult
WBGene00011767,T14D7.1,agxt-1,TRUE,FALSE,TRUE,TRUE,FALSE,L3_High,Embryonic
WBGene00011801,T16G1.7,T16G1.7,TRUE,FALSE,TRUE,FALSE,TRUE,Increasing,L1
WBGene00011850,T20B3.1,T20B3.1,TRUE,TRUE,FALSE,FALSE,FALSE,Increasing,L1
WBGene00011856,T20D3.2,T20D3.2,TRUE,FALSE,TRUE,TRUE,FALSE,Increasing,Post-embryonic
WBGene00011869,T20G5.7,dod-6,FALSE,TRUE,TRUE,FALSE,FALSE,L3_High,L1
WBGene00011912,T22C1.1,T22C1.1,TRUE,FALSE,FALSE,FALSE,FALSE,L3_High,Adult
WBGene00011917,T22C1.6,T22C1.6,FALSE,FALSE,TRUE,FALSE,FALSE,L3_High,Embryonic
WBGene00011936,T22H2.6,pgrn-1,TRUE,TRUE,FALSE,TRUE,TRUE,Larval,Post-embryonic
WBGene00011962,T23G5.2,T23G5.2,TRUE,FALSE,FALSE,FALSE,FALSE,Increasing,Embryonic
WBGene00011966,T23G7.3,T23G7.3,FALSE,FALSE,TRUE,TRUE,FALSE,L3_High,Embryonic
WBGene00011976,T24B8.2,chmp-7,TRUE,FALSE,FALSE,FALSE,FALSE,L3_High,Adult
WBGene00011979,T24B8.5,T24B8.5,TRUE,FALSE,FALSE,FALSE,TRUE,Larval,Post-embryonic
WBGene00012000,T24H10.1,T24H10.1,TRUE,FALSE,FALSE,FALSE,FALSE,Increasing,Embryonic
WBGene00012037,T26E3.4,T26E3.4,TRUE,FALSE,FALSE,FALSE,FALSE,L3_High,Post-embryonic
WBGene00012059,T26G10.1,T26G10.1,TRUE,FALSE,FALSE,FALSE,FALSE,Increasing,Adult
WBGene00012113,T28B8.1,T28B8.1,FALSE,FALSE,TRUE,FALSE,FALSE,Increasing,Embryonic
WBGene00012122,T28C6.8,T28C6.8,FALSE,TRUE,FALSE,FALSE,FALSE,L3_High,Embryonic
WBGene00012144,T28H10.3,T28H10.3,FALSE,TRUE,TRUE,TRUE,TRUE,Increasing,Embryonic
WBGene00012149,VF13D12L.3,VF13D12L.3,TRUE,FALSE,FALSE,TRUE,FALSE,Increasing,Adult
WBGene00012185,W01F3.2,W01F3.2,TRUE,FALSE,FALSE,FALSE,FALSE,Increasing,Adult
WBGene00012193,W02A11.2,vps-25,TRUE,FALSE,FALSE,FALSE,FALSE,Increasing,Embryonic
WBGene00012221,W03C9.5,W03C9.5,FALSE,FALSE,TRUE,FALSE,FALSE,L3_High,Embryonic
WBGene00012243,W04D2.4,W04D2.4,TRUE,FALSE,FALSE,FALSE,FALSE,L3_High,Adult
WBGene00012251,W04E12.6,clec-49,TRUE,FALSE,TRUE,FALSE,TRUE,Increasing,Post-embryonic
WBGene00012253,W04E12.8,clec-50,TRUE,FALSE,FALSE,TRUE,TRUE,Increasing,Post-embryonic
WBGene00012258,W04G3.5,W04G3.5,TRUE,FALSE,FALSE,FALSE,FALSE,Increasing,L1
WBGene00012316,W06H3.3,ctps-1,TRUE,FALSE,FALSE,FALSE,FALSE,L3_High,Post-embryonic
WBGene00012326,W07E11.1,W07E11.1,TRUE,FALSE,TRUE,FALSE,FALSE,Larval,Embryonic
WBGene00012339,W07G4.5,W07G4.5,FALSE,FALSE,TRUE,TRUE,FALSE,Increasing,Post-embryonic
WBGene00012354,W09C5.8,cox-4,FALSE,FALSE,TRUE,FALSE,FALSE,L3_High,Post-embryonic
WBGene00012361,W09D10.3,mrpl-12,FALSE,FALSE,TRUE,TRUE,FALSE,L3_High,Post-embryonic
WBGene00012369,W09G3.6,W09G3.6,TRUE,FALSE,FALSE,FALSE,FALSE,Increasing,Embryonic
WBGene00012434,Y11D7A.10,Y11D7A.10,FALSE,FALSE,TRUE,FALSE,FALSE,Larval,Embryonic
WBGene00012436,Y11D7A.13,flh-3,FALSE,FALSE,FALSE,TRUE,FALSE,Not_Changing,Embryonic
WBGene00012462,Y17G7B.8,Y17G7B.8,TRUE,FALSE,TRUE,FALSE,FALSE,L3_High,Post-embryonic
WBGene00013654,Y105C5B.15,Y105C5B.15,TRUE,FALSE,FALSE,FALSE,TRUE,Increasing,Post-embryonic
WBGene00013693,Y105E8B.9,Y105E8B.9,FALSE,TRUE,FALSE,TRUE,FALSE,Embryo_Specific,Embryonic
WBGene00013716,Y106G6H.1,Y106G6H.1,TRUE,TRUE,TRUE,TRUE,TRUE,L3_High,Embryonic
WBGene00013761,Y113G7B.11,Y113G7B.11,FALSE,TRUE,FALSE,FALSE,FALSE,L3_High,Embryonic
WBGene00013805,Y116A8C.28,bca-2,TRUE,FALSE,TRUE,FALSE,FALSE,L3_High,Embryonic
WBGene00019937,R07E4.3,R07E4.3,FALSE,FALSE,TRUE,FALSE,FALSE,L3_High,Embryonic
WBGene00019957,R08E3.1,R08E3.1,TRUE,FALSE,FALSE,TRUE,FALSE,Larval,Post-embryonic
WBGene00019963,R08E5.3,R08E5.3,FALSE,TRUE,TRUE,TRUE,FALSE,L3_High,Embryonic
WBGene00019978,R09B5.6,hacd-1,FALSE,FALSE,TRUE,FALSE,TRUE,Increasing,Post-embryonic
WBGene00019983,R09E12.3,sti-1,TRUE,FALSE,FALSE,FALSE,FALSE,Increasing,Post-embryonic
WBGene00020007,R11F4.1,R11F4.1,TRUE,TRUE,FALSE,TRUE,FALSE,Increasing,Embryonic
WBGene00020036,R12E2.11,R12E2.11,FALSE,FALSE,TRUE,FALSE,FALSE,Increasing,Post-embryonic
WBGene00020037,R12E2.12,mrps-6,TRUE,FALSE,TRUE,FALSE,FALSE,Larval,Adult
WBGene00020038,R12E2.13,R12E2.13,FALSE,FALSE,TRUE,FALSE,FALSE,L3_High,Post-embryonic
WBGene00020112,R151.9,pfd-5,FALSE,FALSE,TRUE,FALSE,FALSE,Not_Changing,Adult
WBGene00020137,T01B10.5,T01B10.5,FALSE,TRUE,FALSE,FALSE,FALSE,Larval,Embryonic
WBGene00020193,T03F1.12,T03F1.12,TRUE,FALSE,FALSE,FALSE,FALSE,L3_High,Adult
WBGene00020216,T04G9.5,trap-2,FALSE,FALSE,TRUE,TRUE,FALSE,L3_High,Post-embryonic
WBGene00020275,T05H4.12,atp-4,FALSE,FALSE,TRUE,FALSE,FALSE,Increasing,Post-embryonic
WBGene00020299,T07A9.12,T07A9.12,TRUE,FALSE,FALSE,FALSE,FALSE,Increasing,Embryonic
WBGene00020314,T07E3.3,T07E3.3,FALSE,FALSE,TRUE,FALSE,FALSE,L3_High,Adult
WBGene00020347,T08B2.7,ech-1.2,FALSE,FALSE,FALSE,TRUE,FALSE,L3_High,Post-embryonic
WBGene00020366,T08G2.3,acdh-10,TRUE,FALSE,FALSE,TRUE,FALSE,Increasing,L1
WBGene00020378,T09B4.4,T09B4.4,TRUE,TRUE,TRUE,TRUE,TRUE,Increasing,Embryonic
WBGene00020383,T09B4.9,tin-44,TRUE,FALSE,FALSE,FALSE,FALSE,L3_High,Adult
WBGene00020389,T10B5.3,T10B5.3,TRUE,FALSE,FALSE,FALSE,FALSE,L3_High,Embryonic
WBGene00020417,T10E9.7,nuo-2,TRUE,FALSE,FALSE,FALSE,FALSE,L3_High,Adult
WBGene00020471,T13B5.3,pho-14,FALSE,FALSE,FALSE,FALSE,TRUE,Larval,Post-embryonic
WBGene00020500,T14B4.3,T14B4.3,TRUE,FALSE,TRUE,FALSE,FALSE,Embryo_Specific,Adult
WBGene00020511,T14G11.3,immt-1,TRUE,FALSE,FALSE,FALSE,FALSE,L3_High,Post-embryonic
WBGene00020517,T15B7.2,hpo-8,FALSE,FALSE,TRUE,TRUE,FALSE,Larval,Post-embryonic
WBGene00020549,T17E9.2,nmt-1,TRUE,FALSE,FALSE,FALSE,FALSE,Increasing,Post-embryonic
WBGene00020557,T19B4.3,T19B4.3,TRUE,FALSE,TRUE,FALSE,FALSE,L3_High,Post-embryonic
WBGene00020576,T19D12.1,T19D12.1,FALSE,FALSE,TRUE,TRUE,FALSE,Increasing,Embryonic
WBGene00020633,T20F7.6,aakg-2,TRUE,FALSE,FALSE,FALSE,FALSE,L3_High,Embryonic
WBGene00020647,T21D12.3,pqbp-1.1,TRUE,FALSE,FALSE,FALSE,FALSE,Not_Changing,Adult
WBGene00020662,T21H3.1,T21H3.1,FALSE,FALSE,TRUE,FALSE,TRUE,Increasing,Post-embryonic
WBGene00020687,T22D1.10,ruvb-2,TRUE,FALSE,FALSE,FALSE,FALSE,L3_High,Adult
WBGene00020703,T22F7.4,T22F7.4,TRUE,FALSE,FALSE,FALSE,FALSE,Increasing,L1
WBGene00020709,T23B3.1,T23B3.1,TRUE,FALSE,FALSE,FALSE,FALSE,L3_High,Adult
WBGene00020718,T23B12.3,mrps-2,TRUE,FALSE,FALSE,FALSE,FALSE,Larval,Adult
WBGene00020736,T23F2.3,T23F2.3,FALSE,FALSE,TRUE,FALSE,FALSE,Increasing,Embryonic
WBGene00020738,T23F2.5,T23F2.5,FALSE,FALSE,TRUE,FALSE,FALSE,Increasing,Embryonic
WBGene00020812,T25G12.5,acdh-7,TRUE,FALSE,FALSE,TRUE,FALSE,Increasing,L1
WBGene00020847,T27A10.7,cgr-1,TRUE,FALSE,TRUE,FALSE,TRUE,Increasing,Post-embryonic
WBGene00020867,T27F7.2,shc-2,TRUE,FALSE,FALSE,FALSE,FALSE,Not_Changing,Embryonic
WBGene00020909,W01A11.1,W01A11.1,FALSE,FALSE,FALSE,TRUE,FALSE,L3_High,Post-embryonic
WBGene00020954,W02G9.4,W02G9.4,TRUE,FALSE,FALSE,FALSE,TRUE,Larval,Post-embryonic
WBGene00020994,W03F8.4,W03F8.4,FALSE,FALSE,TRUE,FALSE,FALSE,Increasing,Embryonic
WBGene00021024,W04C9.2,W04C9.2,TRUE,FALSE,TRUE,FALSE,FALSE,L3_High,Embryonic
WBGene00021026,W04C9.4,W04C9.4,TRUE,FALSE,TRUE,FALSE,FALSE,Not_Changing,Post-embryonic
WBGene00021074,W07E6.2,W07E6.2,TRUE,FALSE,FALSE,FALSE,FALSE,Embryo_Specific,Adult
WBGene00021128,W10C8.5,W10C8.5,TRUE,TRUE,FALSE,FALSE,FALSE,Larval,Post-embryonic
WBGene00021149,W10G11.20,dnc-3,TRUE,FALSE,FALSE,FALSE,FALSE,L3_High,Embryonic
WBGene00022412,Y102A11A.2,Y102A11A.2,TRUE,TRUE,FALSE,TRUE,FALSE,Increasing,Embryonic
WBGene00022415,Y102A11A.5,Y102A11A.5,FALSE,TRUE,FALSE,FALSE,FALSE,L3_High,Embryonic
WBGene00022455,Y110A7A.4,tyms-1,TRUE,FALSE,FALSE,FALSE,FALSE,L3_High,Post-embryonic
WBGene00022456,Y110A7A.6,pfkb-1.1,TRUE,FALSE,FALSE,FALSE,FALSE,Increasing,Adult
WBGene00022470,Y119C1B.4,mrpl-19,TRUE,FALSE,FALSE,FALSE,FALSE,Increasing,Embryonic
WBGene00022490,Y119D3B.13,Y119D3B.13,TRUE,FALSE,FALSE,FALSE,TRUE,Larval,Post-embryonic
WBGene00022497,Y119D3B.21,Y119D3B.21,FALSE,TRUE,FALSE,TRUE,FALSE,Increasing,Post-embryonic
WBGene00044026,W02B12.15,cisd-1,FALSE,FALSE,FALSE,FALSE,TRUE,Increasing,Post-embryonic
WBGene00044206,T26H5.9,T26H5.9,FALSE,FALSE,FALSE,TRUE,TRUE,Larval,Post-embryonic
WBGene00044330,R08B4.2,alr-1,TRUE,FALSE,FALSE,FALSE,FALSE,Increasing,Embryonic
WBGene00044767,T23B7.3,T23B7.3,TRUE,FALSE,FALSE,FALSE,FALSE,L3_High,Embryonic
WBGene00000178,ZK1321.3,aqp-10,TRUE,FALSE,TRUE,TRUE,TRUE,L3_High,Adult
WBGene00000179,ZK525.2,aqp-11,TRUE,FALSE,TRUE,FALSE,TRUE,L3_High,Adult
WBGene00000536,ZC395.2,clk-1,TRUE,FALSE,TRUE,FALSE,FALSE,Increasing,Post-embryonic
WBGene00000765,ZK652.9,coq-5,TRUE,FALSE,FALSE,FALSE,FALSE,L3_High,Adult
WBGene00000812,Y48G1C.2,csk-1,TRUE,FALSE,FALSE,FALSE,FALSE,L3_High,Embryonic
WBGene00000830,Y54G11A.6,ctl-1,TRUE,FALSE,FALSE,FALSE,FALSE,Increasing,Embryonic
WBGene00000831,Y54G11A.5,ctl-2,TRUE,TRUE,FALSE,TRUE,FALSE,Increasing,Embryonic
WBGene00000835,ZK652.11,cuc-1,FALSE,FALSE,FALSE,TRUE,FALSE,L3_High,Embryonic
WBGene00000879,Y75B12B.5,cyn-3,FALSE,FALSE,TRUE,FALSE,FALSE,Increasing,L1
WBGene00000883,Y75B12B.2,cyn-7,FALSE,FALSE,TRUE,FALSE,FALSE,Increasing,Post-embryonic
WBGene00000973,Y32H12A.3,dhs-9,TRUE,FALSE,FALSE,FALSE,FALSE,L3_High,L1
WBGene00001088,ZK863.6,dpy-30,FALSE,FALSE,TRUE,FALSE,FALSE,Increasing,Embryonic
WBGene00001224,ZK1248.3,ehs-1,TRUE,FALSE,FALSE,FALSE,FALSE,L3_High,Embryonic
WBGene00001758,Y45G12C.2,gst-10,TRUE,TRUE,FALSE,FALSE,FALSE,Increasing,Post-embryonic
WBGene00001768,Y48E1B.10,gst-20,TRUE,FALSE,FALSE,TRUE,FALSE,Larval,Embryonic
WBGene00001776,Y53F4B.31,gst-28,TRUE,FALSE,FALSE,FALSE,TRUE,Increasing,Post-embryonic
WBGene00001793,Y46G5A.31,gsy-1,TRUE,FALSE,FALSE,FALSE,FALSE,Increasing,Post-embryonic
WBGene00002016,Y46H3A.3,hsp-16.2,TRUE,FALSE,FALSE,FALSE,FALSE,Larval,L1
WBGene00002269,Y55B1AR.1,lec-6,FALSE,FALSE,FALSE,FALSE,TRUE,Larval,Post-embryonic
WBGene00002981,ZK593.6,lgg-2,FALSE,FALSE,TRUE,FALSE,FALSE,Increasing,Embryonic
WBGene00003022,ZK418.4,lin-37,TRUE,FALSE,FALSE,FALSE,FALSE,Increasing,Adult
WBGene00003161,Y69A2AR.30,mdf-2,TRUE,FALSE,FALSE,FALSE,FALSE,L3_High,Adult
WBGene00003164,Y57E12AL.5,mdt-6,TRUE,FALSE,FALSE,FALSE,FALSE,L3_High,Adult
WBGene00003652,Y67A6A.2,nhr-62,TRUE,FALSE,FALSE,FALSE,FALSE,Increasing,Embryonic
WBGene00003660,Y51A2D.17,nhr-70,TRUE,FALSE,FALSE,FALSE,FALSE,Larval,Embryonic
WBGene00003676,Y40B10A.8,nhr-86,TRUE,FALSE,FALSE,FALSE,FALSE,L3_High,Embryonic
WBGene00003704,Y45G5AM.1,nhr-114,TRUE,FALSE,FALSE,FALSE,FALSE,Increasing,Post-embryonic
WBGene00003712,Y41D4B.9,nhr-122,TRUE,FALSE,FALSE,FALSE,FALSE,Larval,Embryonic
WBGene00003773,ZK892.2,nlt-1,FALSE,TRUE,TRUE,TRUE,FALSE,Increasing,Embryonic
WBGene00003806,Y77E11A.13,npp-20,TRUE,FALSE,FALSE,FALSE,FALSE,L3_High,Adult
WBGene00003928,ZK945.2,pas-7,TRUE,FALSE,FALSE,FALSE,FALSE,Larval,Post-embryonic
WBGene00003941,Y71H2AL.1,pbo-1,TRUE,TRUE,FALSE,FALSE,FALSE,Increasing,Embryonic
WBGene00003949,Y38A8.2,pbs-3,FALSE,FALSE,TRUE,FALSE,FALSE,L3_High,Post-embryonic
WBGene00003956,ZK112.1,pcp-1,FALSE,FALSE,TRUE,TRUE,FALSE,Increasing,L1
WBGene00004024,Y75B8A.1,php-3,TRUE,FALSE,FALSE,TRUE,TRUE,Increasing,L1
WBGene00004053,ZK1005.1,tank-1,TRUE,FALSE,FALSE,FALSE,FALSE,Increasing,Embryonic
WBGene00004164,Y39E4B.3,pqn-83,TRUE,FALSE,FALSE,FALSE,FALSE,Embryo_Specific,Embryonic
WBGene00004192,ZK809.7,prx-2,TRUE,FALSE,TRUE,TRUE,FALSE,L3_High,Post-embryonic
WBGene00004320,ZK287.5,rbx-1,FALSE,FALSE,TRUE,FALSE,FALSE,L3_High,Adult
WBGene00004449,ZK652.4,rpl-35,FALSE,FALSE,TRUE,FALSE,FALSE,L3_High,Post-embryonic
WBGene00004468,ZK20.5,rpn-12,FALSE,FALSE,TRUE,FALSE,FALSE,L3_High,Adult
WBGene00004810,Y60A3A.18,skr-4,FALSE,FALSE,FALSE,FALSE,TRUE,Increasing,Post-embryonic
WBGene00004891,Y71D11A.2,smr-1,TRUE,FALSE,FALSE,FALSE,FALSE,L3_High,Embryonic
WBGene00004919,Y49E10.15,snr-6,TRUE,FALSE,TRUE,FALSE,FALSE,L3_High,Embryonic
WBGene00004981,Y66H1B.4,spl-1,TRUE,FALSE,TRUE,FALSE,TRUE,Increasing,Post-embryonic
WBGene00005077,Y92H12A.1,src-1,TRUE,FALSE,FALSE,FALSE,FALSE,Embryo_Specific,Embryonic
WBGene00006367,ZK1067.6,sym-2,TRUE,TRUE,FALSE,FALSE,FALSE,Increasing,Embryonic
WBGene00006396,Y56A3A.4,taf-12,TRUE,FALSE,FALSE,FALSE,FALSE,L3_High,Embryonic
WBGene00006410,ZK470.5,nck-1,FALSE,FALSE,TRUE,FALSE,FALSE,Increasing,Embryonic
WBGene00006565,Y63D3A.5,tfg-1,TRUE,FALSE,FALSE,FALSE,FALSE,Larval,Post-embryonic
WBGene00006590,ZC395.3,toc-1,TRUE,FALSE,FALSE,FALSE,FALSE,Increasing,Adult
WBGene00006755,ZK1098.10,unc-16,FALSE,FALSE,TRUE,FALSE,FALSE,Increasing,Embryonic
WBGene00006918,ZK970.4,vha-9,FALSE,FALSE,TRUE,FALSE,FALSE,L3_High,Embryonic
WBGene00006936,Y87G2A.5,glp-4,TRUE,FALSE,FALSE,FALSE,FALSE,Increasing,Post-embryonic
WBGene00007000,Y71H2AM.23,tufm-1,FALSE,FALSE,FALSE,TRUE,FALSE,L3_High,Embryonic
WBGene00007022,ZK970.3,mdt-22,TRUE,FALSE,TRUE,FALSE,FALSE,L3_High,Adult
WBGene00012554,Y37D8A.16,Y37D8A.16,TRUE,TRUE,TRUE,TRUE,TRUE,L3_High,Embryonic
WBGene00012583,Y38E10A.5,clec-4,TRUE,FALSE,FALSE,TRUE,TRUE,Increasing,Post-embryonic
WBGene00012608,Y38F1A.6,hphd-1,TRUE,FALSE,TRUE,TRUE,FALSE,Larval,Post-embryonic
WBGene00012646,Y39A1A.7,lron-10,TRUE,FALSE,TRUE,FALSE,FALSE,Increasing,Embryonic
WBGene00012652,Y39A1A.14,Y39A1A.14,TRUE,FALSE,FALSE,FALSE,FALSE,L3_High,Post-embryonic
WBGene00012668,Y39B6A.5,Y39B6A.5,TRUE,FALSE,FALSE,FALSE,TRUE,Larval,Embryonic
WBGene00012722,Y39G8B.1,Y39G8B.1,TRUE,FALSE,FALSE,FALSE,FALSE,Larval,Post-embryonic
WBGene00012747,Y40H7A.10,Y40H7A.10,TRUE,FALSE,FALSE,FALSE,FALSE,Increasing,Post-embryonic
WBGene00012762,Y41E3.1,Y41E3.1,TRUE,FALSE,FALSE,FALSE,FALSE,L3_High,Adult
WBGene00012766,Y41E3.8,Y41E3.8,TRUE,FALSE,FALSE,FALSE,FALSE,L3_High,Post-embryonic
WBGene00012768,Y41E3.10,eef-1B.2,FALSE,FALSE,FALSE,FALSE,TRUE,L3_High,Post-embryonic
WBGene00012780,Y42A5A.5,Y42A5A.5,FALSE,FALSE,FALSE,FALSE,TRUE,Increasing,Embryonic
WBGene00012782,Y43C5A.2,Y43C5A.2,TRUE,FALSE,TRUE,TRUE,FALSE,Larval,Post-embryonic
WBGene00012803,Y43F4B.5,Y43F4B.5,TRUE,FALSE,FALSE,FALSE,FALSE,Increasing,Post-embryonic
WBGene00012823,Y43F8B.13,Y43F8B.13,FALSE,FALSE,FALSE,FALSE,TRUE,Larval,Embryonic
WBGene00012825,Y43F8C.3,Y43F8C.3,TRUE,FALSE,FALSE,FALSE,FALSE,L3_High,Embryonic
WBGene00012829,Y43F8C.7,Y43F8C.7,TRUE,FALSE,FALSE,FALSE,FALSE,L3_High,Embryonic
WBGene00012830,Y43F8C.8,mrps-28,TRUE,FALSE,FALSE,FALSE,TRUE,L3_High,Adult
WBGene00012834,Y43F8C.13,Y43F8C.13,TRUE,TRUE,FALSE,TRUE,TRUE,L3_High,Post-embryonic
WBGene00012853,Y44A6D.2,Y44A6D.2,FALSE,FALSE,TRUE,FALSE,FALSE,Increasing,Embryonic
WBGene00012885,Y45F10D.4,iscu-1,TRUE,FALSE,TRUE,FALSE,FALSE,L3_High,L1
WBGene00012932,Y47D3A.21,Y47D3A.21,TRUE,FALSE,FALSE,FALSE,TRUE,Larval,Post-embryonic
WBGene00012968,Y48A6B.7,Y48A6B.7,FALSE,FALSE,TRUE,FALSE,TRUE,Increasing,L1
WBGene00012978,Y48B6A.1,Y48B6A.1,TRUE,FALSE,FALSE,FALSE,FALSE,L3_High,Post-embryonic
WBGene00013020,Y48G10A.3,Y48G10A.3,TRUE,FALSE,FALSE,FALSE,FALSE,L3_High,Embryonic
WBGene00013037,Y49E10.18,Y49E10.18,TRUE,FALSE,FALSE,TRUE,TRUE,Increasing,Post-embryonic
WBGene00013109,Y51H4A.15,Y51H4A.15,TRUE,FALSE,FALSE,FALSE,FALSE,L3_High,Post-embryonic
WBGene00013139,Y53C12A.3,Y53C12A.3,TRUE,FALSE,FALSE,FALSE,FALSE,L3_High,Adult
WBGene00013176,Y53F4B.39,Y53F4B.39,FALSE,FALSE,FALSE,TRUE,TRUE,Increasing,Post-embryonic
WBGene00013197,Y54E5A.1,ttm-5,TRUE,TRUE,FALSE,FALSE,TRUE,L3_High,Embryonic
WBGene00013203,Y54E5A.8,Y54E5A.8,TRUE,FALSE,FALSE,FALSE,FALSE,L3_High,Embryonic
WBGene00013210,Y54G9A.7,Y54G9A.7,TRUE,FALSE,FALSE,FALSE,FALSE,Increasing,Post-embryonic
WBGene00013216,Y54G11A.7,Y54G11A.7,TRUE,FALSE,FALSE,FALSE,FALSE,Increasing,Post-embryonic
WBGene00013225,Y56A3A.2,Y56A3A.2,TRUE,FALSE,FALSE,FALSE,FALSE,L3_High,Embryonic
WBGene00013237,Y56A3A.19,Y56A3A.19,FALSE,FALSE,TRUE,FALSE,FALSE,Embryo_Specific,Adult
WBGene00013238,Y56A3A.21,trap-4,FALSE,FALSE,TRUE,FALSE,FALSE,L3_High,Adult
WBGene00013239,Y56A3A.22,Y56A3A.22,TRUE,FALSE,FALSE,FALSE,FALSE,Increasing,Adult
WBGene00013259,Y57A10A.16,trpp-5,TRUE,FALSE,FALSE,FALSE,FALSE,Not_Changing,Embryonic
WBGene00013284,Y57A10C.6,daf-22,TRUE,TRUE,FALSE,TRUE,TRUE,Increasing,L1
WBGene00013308,Y57G11C.12,nuo-3,FALSE,FALSE,TRUE,FALSE,FALSE,Increasing,Post-embryonic
WBGene00013317,Y57G11C.22,Y57G11C.22,TRUE,FALSE,FALSE,FALSE,FALSE,L3_High,Embryonic
WBGene00013358,Y60A3A.7,abhd-3.1,TRUE,FALSE,FALSE,FALSE,FALSE,L3_High,Post-embryonic
WBGene00013406,Y63D3A.7,Y63D3A.7,TRUE,FALSE,FALSE,FALSE,FALSE,Embryo_Specific,Adult
WBGene00013497,Y70D2A.2,hex-5,FALSE,TRUE,FALSE,TRUE,FALSE,Not_Changing,Embryonic
WBGene00013532,Y73F8A.27,Y73F8A.27,TRUE,FALSE,FALSE,FALSE,FALSE,Increasing,Adult
WBGene00013550,Y75B8A.14,Y75B8A.14,TRUE,FALSE,TRUE,FALSE,FALSE,Not_Changing,Post-embryonic
WBGene00013567,Y75B12B.1,Y75B12B.1,TRUE,FALSE,FALSE,FALSE,FALSE,Increasing,Adult
WBGene00013577,Y76A2B.5,Y76A2B.5,TRUE,FALSE,TRUE,FALSE,FALSE,Increasing,L1
WBGene00013857,ZC168.3,orc-5,TRUE,FALSE,FALSE,TRUE,FALSE,L3_High,Adult
WBGene00013866,ZC373.1,cbs-1,FALSE,FALSE,TRUE,FALSE,FALSE,Increasing,L1
WBGene00013904,ZC455.4,ugt-6,TRUE,FALSE,FALSE,FALSE,FALSE,Increasing,Post-embryonic
WBGene00013906,ZC455.6,ugt-5,TRUE,TRUE,FALSE,TRUE,FALSE,Increasing,Embryonic
WBGene00013968,ZK287.9,ZK287.9,TRUE,FALSE,FALSE,FALSE,TRUE,Increasing,Post-embryonic
WBGene00013985,ZK512.5,sec-16A.1,TRUE,FALSE,FALSE,FALSE,FALSE,Increasing,Embryonic
WBGene00013997,ZK550.3,ZK550.3,TRUE,FALSE,TRUE,FALSE,FALSE,L3_High,Post-embryonic
WBGene00014003,ZK593.3,ZK593.3,TRUE,FALSE,FALSE,FALSE,FALSE,Larval,Post-embryonic
WBGene00014004,ZK593.8,fic-1,TRUE,FALSE,FALSE,FALSE,FALSE,L3_High,Embryonic
WBGene00014022,ZK637.2,ZK637.2,FALSE,FALSE,TRUE,FALSE,FALSE,L3_High,Adult
WBGene00014057,ZK673.1,ZK673.1,TRUE,TRUE,FALSE,FALSE,TRUE,Increasing,Post-embryonic
WBGene00014058,ZK673.2,ZK673.2,FALSE,FALSE,TRUE,FALSE,FALSE,Increasing,L1
WBGene00014079,ZK792.7,ZK792.7,TRUE,FALSE,FALSE,FALSE,FALSE,Not_Changing,Embryonic
WBGene00014089,ZK822.1,ZK822.1,FALSE,FALSE,TRUE,FALSE,FALSE,Increasing,Embryonic
WBGene00014120,ZK858.7,ZK858.7,TRUE,FALSE,FALSE,FALSE,FALSE,Increasing,Adult
WBGene00014141,ZK899.2,ZK899.2,TRUE,FALSE,FALSE,TRUE,TRUE,Larval,Embryonic
WBGene00014172,ZK970.2,clpp-1,TRUE,FALSE,TRUE,FALSE,FALSE,Increasing,Adult
WBGene00014177,ZK1010.3,frg-1,TRUE,FALSE,TRUE,FALSE,FALSE,Increasing,Adult
WBGene00014202,ZK1058.1,mmcm-1,TRUE,FALSE,FALSE,FALSE,FALSE,L3_High,L1
WBGene00014251,ZK1320.1,gstk-1,TRUE,FALSE,TRUE,TRUE,TRUE,Increasing,Post-embryonic
WBGene00014252,ZK1320.2,ZK1320.2,TRUE,FALSE,TRUE,TRUE,TRUE,Larval,Post-embryonic
WBGene00014253,ZK1320.3,ZK1320.3,TRUE,FALSE,FALSE,TRUE,TRUE,Increasing,Post-embryonic
WBGene00021160,Y4C6B.6,gba-4,TRUE,FALSE,FALSE,FALSE,TRUE,Larval,Adult
WBGene00021170,Y6D11A.2,arx-4,TRUE,FALSE,FALSE,FALSE,FALSE,L3_High,Adult
WBGene00021313,Y32H12A.5,paqr-2,TRUE,FALSE,FALSE,FALSE,FALSE,L3_High,Embryonic
WBGene00021322,Y34B4A.6,Y34B4A.6,TRUE,TRUE,FALSE,TRUE,TRUE,Increasing,Post-embryonic
WBGene00021323,Y34B4A.7,Y34B4A.7,TRUE,FALSE,FALSE,FALSE,FALSE,L3_High,Embryonic
WBGene00021325,Y34B4A.9,Y34B4A.9,TRUE,TRUE,FALSE,TRUE,FALSE,Increasing,Post-embryonic
WBGene00021331,Y34D9A.6,glrx-10,FALSE,FALSE,FALSE,FALSE,TRUE,L3_High,Embryonic
WBGene00021334,Y34D9A.10,vps-4,TRUE,FALSE,FALSE,FALSE,FALSE,L3_High,Embryonic
WBGene00021352,Y37E3.11,pcyt-2.1,FALSE,FALSE,FALSE,FALSE,TRUE,Increasing,Adult
WBGene00021355,Y37E3.17,Y37E3.17,TRUE,FALSE,FALSE,FALSE,FALSE,L3_High,Post-embryonic
WBGene00021396,Y38C1AA.5,cutl-24,TRUE,FALSE,FALSE,FALSE,FALSE,Increasing,Embryonic
WBGene00021427,Y38F2AR.9,sec-61.B,FALSE,FALSE,FALSE,TRUE,FALSE,L3_High,Embryonic
WBGene00021503,Y40D12A.2,ctsa-4.2,TRUE,FALSE,FALSE,FALSE,FALSE,Larval,Post-embryonic
WBGene00021518,Y41D4B.16,hpo-6,TRUE,FALSE,FALSE,FALSE,TRUE,Increasing,Post-embryonic
WBGene00021549,Y44E3A.4,cdap-2,TRUE,FALSE,FALSE,FALSE,FALSE,Increasing,Embryonic
WBGene00021638,Y47G6A.9,Y47G6A.9,TRUE,FALSE,FALSE,FALSE,FALSE,Not_Changing,Post-embryonic
WBGene00021644,Y47G6A.18,Y47G6A.18,TRUE,FALSE,FALSE,FALSE,FALSE,Increasing,Embryonic
WBGene00021647,Y47G6A.22,Y47G6A.22,TRUE,FALSE,FALSE,FALSE,FALSE,L3_High,Post-embryonic
WBGene00021648,Y47G6A.24,mis-12,TRUE,FALSE,FALSE,FALSE,FALSE,L3_High,Embryonic
WBGene00021756,Y50D7A.8,Y50D7A.8,TRUE,FALSE,FALSE,FALSE,FALSE,L3_High,Embryonic
WBGene00021768,Y51F10.7,Y51F10.7,TRUE,FALSE,FALSE,TRUE,FALSE,Increasing,Post-embryonic
WBGene00021817,Y53G8B.1,Y53G8B.1,TRUE,TRUE,FALSE,FALSE,FALSE,Increasing,Embryonic
WBGene00021830,Y54E10A.10,Y54E10A.10,TRUE,FALSE,FALSE,FALSE,FALSE,Embryo_Specific,Post-embryonic
WBGene00021845,Y54E10BR.6,rpb-7,TRUE,FALSE,FALSE,FALSE,FALSE,L3_High,Adult
WBGene00021852,Y54F10AM.8,Y54F10AM.8,TRUE,TRUE,FALSE,TRUE,TRUE,Increasing,L1
WBGene00021870,Y54G2A.4,samt-1,TRUE,FALSE,FALSE,TRUE,FALSE,Increasing,Embryonic
WBGene00021879,Y54G2A.14,clec-83,FALSE,TRUE,FALSE,TRUE,FALSE,Increasing,Post-embryonic
WBGene00021883,Y54G2A.18,Y54G2A.18,TRUE,FALSE,FALSE,FALSE,FALSE,L3_High,Post-embryonic
WBGene00021906,Y55B1AR.2,Y55B1AR.2,TRUE,FALSE,FALSE,FALSE,FALSE,Not_Changing,Embryonic
WBGene00021934,Y55F3AR.3,cct-8,TRUE,FALSE,FALSE,FALSE,FALSE,Increasing,L1
WBGene00022045,Y66H1A.3,mrpl-55,FALSE,FALSE,TRUE,FALSE,FALSE,L3_High,Embryonic
WBGene00022130,Y71F9B.9,Y71F9B.9,TRUE,TRUE,FALSE,TRUE,FALSE,L3_High,Embryonic
WBGene00022253,Y73B6BL.33,hrpf-2,TRUE,FALSE,FALSE,FALSE,FALSE,L3_High,Adult
WBGene00022276,Y74C9A.2,nlp-40,FALSE,FALSE,FALSE,FALSE,TRUE,Increasing,Post-embryonic
WBGene00022306,Y77E11A.1,hxk-3,TRUE,FALSE,FALSE,FALSE,FALSE,Increasing,Embryonic
WBGene00022369,Y92H12BR.3,Y92H12BR.3,TRUE,FALSE,FALSE,FALSE,FALSE,L3_High,Adult
WBGene00022515,ZC64.2,ttr-48,TRUE,FALSE,FALSE,TRUE,FALSE,Increasing,Embryonic
WBGene00022562,ZC204.12,ZC204.12,FALSE,FALSE,TRUE,TRUE,TRUE,Larval,Post-embryonic
WBGene00022597,ZC395.5,ZC395.5,FALSE,FALSE,TRUE,FALSE,FALSE,Larval,Post-embryonic
WBGene00022598,ZC395.8,ztf-8,TRUE,FALSE,FALSE,FALSE,FALSE,Increasing,Adult
WBGene00022620,ZC477.5,rde-8,TRUE,FALSE,FALSE,FALSE,FALSE,Increasing,Adult
WBGene00022642,ZK6.7,lipl-5,TRUE,FALSE,TRUE,TRUE,TRUE,Increasing,Post-embryonic
WBGene00022644,ZK6.10,dod-19,TRUE,FALSE,TRUE,TRUE,FALSE,Increasing,Post-embryonic
WBGene00022666,ZK154.4,ZK154.4,TRUE,FALSE,FALSE,FALSE,FALSE,Increasing,Embryonic
WBGene00022673,ZK177.8,ZK177.8,TRUE,FALSE,FALSE,FALSE,FALSE,Larval,Adult
WBGene00022678,ZK180.4,sar-1,FALSE,FALSE,TRUE,FALSE,FALSE,Increasing,Embryonic
WBGene00022722,ZK370.8,tomm-70,TRUE,FALSE,FALSE,FALSE,FALSE,L3_High,Post-embryonic
WBGene00022759,ZK546.2,ZK546.2,FALSE,FALSE,TRUE,FALSE,FALSE,Increasing,Adult
WBGene00022765,ZK546.14,ZK546.14,FALSE,FALSE,FALSE,TRUE,FALSE,Increasing,Post-embryonic
WBGene00022766,ZK546.17,cblc-1,TRUE,FALSE,FALSE,FALSE,FALSE,Increasing,Post-embryonic
WBGene00022787,ZK652.10,tag-307,TRUE,FALSE,FALSE,FALSE,FALSE,Increasing,Adult
WBGene00022793,ZK686.3,ZK686.3,FALSE,FALSE,TRUE,FALSE,FALSE,Increasing,Post-embryonic
WBGene00022794,ZK686.4,snu-23,FALSE,FALSE,TRUE,FALSE,FALSE,L3_High,Adult
WBGene00022830,ZK973.1,ZK973.1,TRUE,FALSE,FALSE,FALSE,FALSE,Increasing,Adult
WBGene00022864,ZK1236.5,ZK1236.5,TRUE,FALSE,TRUE,FALSE,FALSE,L3_High,Embryonic
WBGene00044468,Y69A2AL.2,Y69A2AL.2,TRUE,FALSE,FALSE,FALSE,TRUE,Larval,Post-embryonic
WBGene00044488,Y54G2A.45,Y54G2A.45,FALSE,FALSE,FALSE,TRUE,TRUE,Increasing,Post-embryonic
WBGene00044745,Y62E10A.20,Y62E10A.20,TRUE,FALSE,FALSE,FALSE,FALSE,Not_Changing,Embryonic
WBGene00045397,Y54G2A.52,Y54G2A.52,TRUE,TRUE,FALSE,TRUE,TRUE,Increasing,Embryonic
WBGene00194917,Y45F10B.59,Y45F10B.59,FALSE,TRUE,FALSE,FALSE,FALSE,Embryo_Specific,Embryonic
